名字	路径	后缀	类型
			0:图集 1:单个资源
key:true			
beijing01_anmo_1	Map/bg/home_01	.png	1
beijing01_anmo_2	Map/bg/home_01	.png	1
beijing01_dating_1	Map/bg/home_01	.png	1
beijing01_dating_2	Map/bg/home_01	.png	1
beijing01_ding_1	Map/bg/home_01	.png	1
beijing01_ding_2	Map/bg/home_01	.png	1
beijing01_ding_qiang_1	Map/bg/home_01	.png	1
beijing01_ding_qiang_2	Map/bg/home_01	.png	1
beijing01_gengyi_1	Map/bg/home_01	.png	1
beijing01_gengyi_2	Map/bg/home_01	.png	1
beijing01_malu_1	Map/bg/home_01	.png	1
beijing01_malu_2	Map/bg/home_01	.png	1
beijing01_sangna_1	Map/bg/home_01	.png	1
beijing01_sangna_2	Map/bg/home_01	.png	1
beijing01_youxi_1	Map/bg/home_01	.png	1
beijing01_youxi_2	Map/bg/home_01	.png	1
beijing01_yule_1	Map/bg/home_01	.png	1
beijing01_yule_2	Map/bg/home_01	.png	1
beijing01_yushi_1	Map/bg/home_01	.png	1
beijing01_yushi_2	Map/bg/home_01	.png	1
beijing_anmo_1	Map/bg/home_1	.png	1
beijing_anmo_2	Map/bg/home_1	.png	1
beijing_dating_1	Map/bg/home_1	.png	1
beijing_dating_2	Map/bg/home_1	.png	1
beijing_ding_1	Map/bg/home_1	.png	1
beijing_ding_2	Map/bg/home_1	.png	1
beijing_ding_qiang_1	Map/bg/home_1	.png	1
beijing_ding_qiang_2	Map/bg/home_1	.png	1
beijing_gengyi_1	Map/bg/home_1	.png	1
beijing_gengyi_2	Map/bg/home_1	.png	1
beijing_malu_1	Map/bg/home_1	.png	1
beijing_malu_2	Map/bg/home_1	.png	1
beijing_sangna_1	Map/bg/home_1	.png	1
beijing_sangna_2	Map/bg/home_1	.png	1
beijing_youxi_1	Map/bg/home_1	.png	1
beijing_youxi_2	Map/bg/home_1	.png	1
beijing_yule_1	Map/bg/home_1	.png	1
beijing_yule_2	Map/bg/home_1	.png	1
beijing_yushi_1	Map/bg/home_1	.png	1
beijing_yushi_2	Map/bg/home_1	.png	1
upstairs_changjing_1	Map/bg/home_10	.png	1
upstairs_changjing_2	Map/bg/home_10	.png	1
upstairs_dating1	Map/bg/home_10	.png	1
upstairs_dating2	Map/bg/home_10	.png	1
upstairs_ding_1	Map/bg/home_10	.png	1
upstairs_ding_2	Map/bg/home_10	.png	1
upstairs_jiaoshi1	Map/bg/home_10	.png	1
upstairs_jiaoshi2	Map/bg/home_10	.png	1
upstairs_men_3_1	Map/bg/home_10	.png	1
upstairs_men_3_2	Map/bg/home_10	.png	1
upstairs_yongchi1	Map/bg/home_10	.png	1
upstairs_yongchi2	Map/bg/home_10	.png	1
beijing2_anmo_1	Map/bg/home_2	.png	1
beijing2_anmo_2	Map/bg/home_2	.png	1
beijing2_dating_1	Map/bg/home_2	.png	1
beijing2_dating_2	Map/bg/home_2	.png	1
beijing2_ding_1	Map/bg/home_2	.png	1
beijing2_ding_2	Map/bg/home_2	.png	1
beijing2_ding_qiang_1	Map/bg/home_2	.png	1
beijing2_ding_qiang_2	Map/bg/home_2	.png	1
beijing2_gengyi_1	Map/bg/home_2	.png	1
beijing2_gengyi_2	Map/bg/home_2	.png	1
beijing2_malu_1	Map/bg/home_2	.png	1
beijing2_malu_2	Map/bg/home_2	.png	1
beijing2_sangna_1	Map/bg/home_2	.png	1
beijing2_sangna_2	Map/bg/home_2	.png	1
beijing2_youxi_1	Map/bg/home_2	.png	1
beijing2_youxi_2	Map/bg/home_2	.png	1
beijing2_yule_1	Map/bg/home_2	.png	1
beijing2_yule_2	Map/bg/home_2	.png	1
beijing2_yushi_1	Map/bg/home_2	.png	1
beijing2_yushi_2	Map/bg/home_2	.png	1
beijing3_anmo_1	Map/bg/home_3	.png	1
beijing3_anmo_2	Map/bg/home_3	.png	1
beijing3_dating_1	Map/bg/home_3	.png	1
beijing3_dating_2	Map/bg/home_3	.png	1
beijing3_ding_1	Map/bg/home_3	.png	1
beijing3_ding_2	Map/bg/home_3	.png	1
beijing3_ding_qiang_1	Map/bg/home_3	.png	1
beijing3_ding_qiang_2	Map/bg/home_3	.png	1
beijing3_gengyi_1	Map/bg/home_3	.png	1
beijing3_gengyi_2	Map/bg/home_3	.png	1
beijing3_malu_1	Map/bg/home_3	.png	1
beijing3_malu_2	Map/bg/home_3	.png	1
beijing3_sangna_1	Map/bg/home_3	.png	1
beijing3_sangna_2	Map/bg/home_3	.png	1
beijing3_youxi_1	Map/bg/home_3	.png	1
beijing3_youxi_2	Map/bg/home_3	.png	1
beijing3_yule_1	Map/bg/home_3	.png	1
beijing3_yule_2	Map/bg/home_3	.png	1
beijing3_yushi_1	Map/bg/home_3	.png	1
beijing3_yushi_2	Map/bg/home_3	.png	1
beijing4_anmo_1	Map/bg/home_4	.png	1
beijing4_anmo_2	Map/bg/home_4	.png	1
beijing4_dating_1	Map/bg/home_4	.png	1
beijing4_dating_2	Map/bg/home_4	.png	1
beijing4_ding_1	Map/bg/home_4	.png	1
beijing4_ding_2	Map/bg/home_4	.png	1
beijing4_ding_qiang_1	Map/bg/home_4	.png	1
beijing4_ding_qiang_2	Map/bg/home_4	.png	1
beijing4_gengyi_1	Map/bg/home_4	.png	1
beijing4_gengyi_2	Map/bg/home_4	.png	1
beijing4_malu_1	Map/bg/home_4	.png	1
beijing4_malu_2	Map/bg/home_4	.png	1
beijing4_sangna_1	Map/bg/home_4	.png	1
beijing4_sangna_2	Map/bg/home_4	.png	1
beijing4_youxi_1	Map/bg/home_4	.png	1
beijing4_youxi_2	Map/bg/home_4	.png	1
beijing4_yule_1	Map/bg/home_4	.png	1
beijing4_yule_2	Map/bg/home_4	.png	1
beijing4_yushi_1	Map/bg/home_4	.png	1
beijing4_yushi_2	Map/bg/home_4	.png	1
jiayuan_beijing_1	Map/bg/homeworld	.jpg	1
jiayuan_beijing_2	Map/bg/homeworld	.jpg	1
jiayuan_beijing_3	Map/bg/homeworld	.jpg	1
jiayuan_beijing_4	Map/bg/homeworld	.jpg	1
jiayuan_beijing_pinjie	Map/bg/homeworld	.jpg	1
jiayuan_fangzi_1	Map/fangzi	.png	1
jiayuan_fangzi_2	Map/fangzi	.png	1
jiayuan_fangzi_3	Map/fangzi	.png	1
jiayuan_fangzi_4	Map/fangzi	.png	1
jiayuan_fangzi_5	Map/fangzi	.png	1
upstairs_chizi1	Map/home_10	.png	1
upstairs_chizi2	Map/home_10	.png	1
upstairs_chonglangtai	Map/home_10	.png	1
upstairs_men_1_1	Map/home_10	.png	1
upstairs_men_1_2	Map/home_10	.png	1
upstairs_men_2_1	Map/home_10	.png	1
upstairs_men_2_2	Map/home_10	.png	1
upstairs_xuanzhuanhuati	Map/home_10	.png	1
chengjiu_icon_1001	AchIcons	.png	0
chengjiu_icon_1002	AchIcons	.png	0
chengjiu_icon_1003	AchIcons	.png	0
chengjiu_icon_1004	AchIcons	.png	0
chengjiu_icon_1005	AchIcons	.png	0
chengjiu_icon_1006	AchIcons	.png	0
chengjiu_icon_1007	AchIcons	.png	0
chengjiu_icon_1008	AchIcons	.png	0
chengjiu_icon_1009	AchIcons	.png	0
chengjiu_icon_1010	AchIcons	.png	0
chengjiu_icon_1011	AchIcons	.png	0
chengjiu_icon_1012	AchIcons	.png	0
chengjiu_icon_1013	AchIcons	.png	0
chengjiu_icon_1014	AchIcons	.png	0
chengjiu_icon_1015	AchIcons	.png	0
chengjiu_icon_1016	AchIcons	.png	0
chengjiu_icon_1017	AchIcons	.png	0
chengjiu_icon_1018	AchIcons	.png	0
chengjiu_icon_1019	AchIcons	.png	0
chengjiu_icon_1020	AchIcons	.png	0
chengjiu_icon_1021	AchIcons	.png	0
chengjiu_icon_1022	AchIcons	.png	0
chengjiu_icon_1023	AchIcons	.png	0
chengjiu_icon_1024	AchIcons	.png	0
chengjiu_icon_1025	AchIcons	.png	0
chengjiu_icon_1026	AchIcons	.png	0
chengjiu_icon_1027	AchIcons	.png	0
chengjiu_icon_1028	AchIcons	.png	0
chengjiu_icon_1029	AchIcons	.png	0
chengjiu_icon_1030	AchIcons	.png	0
chengjiu_icon_1031	AchIcons	.png	0
chengjiu_icon_1032	AchIcons	.png	0
chengjiu_icon_2001	AchIcons	.png	0
chengjiu_icon_2002	AchIcons	.png	0
chengjiu_icon_2003	AchIcons	.png	0
chengjiu_icon_2004	AchIcons	.png	0
chengjiu_icon_2005	AchIcons	.png	0
chengjiu_icon_2006	AchIcons	.png	0
chengjiu_icon_2007	AchIcons	.png	0
chengjiu_icon_2008	AchIcons	.png	0
chengjiu_icon_2012	AchIcons	.png	0
chengjiu_icon_2013	AchIcons	.png	0
chengjiu_icon_2014	AchIcons	.png	0
chengjiu_icon_2015	AchIcons	.png	0
chengjiu_icon_2033	AchIcons	.png	0
chengjiu_icon_2034	AchIcons	.png	0
chengjiu_icon_3003	AchIcons	.png	0
chengjiu_icon_3004	AchIcons	.png	0
chengjiu_icon_3005	AchIcons	.png	0
chengjiu_icon_3006	AchIcons	.png	0
chengjiu_icon_3007	AchIcons	.png	0
chengjiu_icon_3008	AchIcons	.png	0
chengjiu_icon_3016	AchIcons	.png	0
chengjiu_icon_3017	AchIcons	.png	0
chengjiu_icon_4005	AchIcons	.png	0
chengjiu_icon_4006	AchIcons	.png	0
chengjiu_icon_4007	AchIcons	.png	0
chengjiu_icon_4008	AchIcons	.png	0
chengjiu_icon_4035	AchIcons	.png	0
chengjiu_icon_4036	AchIcons	.png	0
chengjiu_icon_5001	AchIcons	.png	0
chengjiu_icon_5002	AchIcons	.png	0
chengjiu_icon_5003	AchIcons	.png	0
chengjiu_icon_5004	AchIcons	.png	0
chengjiu_icon_5005	AchIcons	.png	0
chengjiu_icon_5006	AchIcons	.png	0
chengjiu_icon_5007	AchIcons	.png	0
chengjiu_icon_5008	AchIcons	.png	0
chengjiu_icon_5009	AchIcons	.png	0
chengjiu_icon_5010	AchIcons	.png	0
chengjiu_icon_5011	AchIcons	.png	0
chengjiu_icon_5012	AchIcons	.png	0
chengjiu_icon_5013	AchIcons	.png	0
chengjiu_icon_5014	AchIcons	.png	0
chengjiu_icon_5015	AchIcons	.png	0
chengjiu_icon_5016	AchIcons	.png	0
chengjiu_icon_5017	AchIcons	.png	0
chengjiu_icon_5018	AchIcons	.png	0
chengjiu_icon_5019	AchIcons	.png	0
chengjiu_icon_5020	AchIcons	.png	0
chengjiu_icon_5021	AchIcons	.png	0
chengjiu_icon_5022	AchIcons	.png	0
chengjiu_icon_5023	AchIcons	.png	0
chengjiu_icon_5024	AchIcons	.png	0
chengjiu_icon_5025	AchIcons	.png	0
chengjiu_icon_5026	AchIcons	.png	0
chengjiu_icon_5027	AchIcons	.png	0
chengjiu_shop_9001	AchIcons	.png	0
chengjiu_shop_9002	AchIcons	.png	0
chengjiu_shop_9003	AchIcons	.png	0
chengjiu_shop_9004	AchIcons	.png	0
chengjiu_shop_9005	AchIcons	.png	0
chengjiu_shop_9006	AchIcons	.png	0
chengjiu_shop_9009	AchIcons	.png	0
chengjiu_shop_9010	AchIcons	.png	0
chengjiu_shop_9011	AchIcons	.png	0
chengjiu_shop_9012	AchIcons	.png	0
chengjiu_shop_9013	AchIcons	.png	0
chengjiu_shop_9014	AchIcons	.png	0
chengjiu_shop_9015	AchIcons	.png	0
chengjiu_shop_9016	AchIcons	.png	0
chengjiu_shop_9017	AchIcons	.png	0
chengjiu_shop_9018	AchIcons	.png	0
chengjiu_shop_9019	AchIcons	.png	0
chengjiu_shop_9020	AchIcons	.png	0
chengjiu_shop_9021	AchIcons	.png	0
chengjiu_shop_9022	AchIcons	.png	0
chengjiu_shop_9023	AchIcons	.png	0
chengjiu_shop_9024	AchIcons	.png	0
chengjiu_shop_9025	AchIcons	.png	0
chengjiu_shop_9026	AchIcons	.png	0
chengjiu_shop_9027	AchIcons	.png	0
chengjiu_shop_9028	AchIcons	.png	0
chengjiu_shop_9029	AchIcons	.png	0
chengjiu_shop_9900	AchIcons	.png	0
chengjiu_shop_9901	AchIcons	.png	0
chengjiu_shop_9902	AchIcons	.png	0
chengjiu_shop_9903	AchIcons	.png	0
chengjiu_shop_9904	AchIcons	.png	0
chengjiu_btn_shangdian	Achievement	.png	0
chengjiu_caishen1	Achievement	.png	0
chengjiu_caishen2	Achievement	.png	0
chengjiu_caishen3	Achievement	.png	0
chengjiu_caishen4	Achievement	.png	0
chengjiu_caishentouxiang1	Achievement	.png	0
chengjiu_caishentouxiang2	Achievement	.png	0
chengjiu_caishentouxiang3	Achievement	.png	0
chengjiu_caishentouxiang4	Achievement	.png	0
chengjiu_chongfuduihuan	Achievement	.png	0
chengjiu_dacheng	Achievement	.png	0
chengjiu_jiantou	Achievement	.png	0
chengjiu_jiantou2	Achievement	.png	0
chengjiu_jindudi	Achievement	.png	0
chengjiu_jinxingzhong	Achievement	.png	0
chengjiu_ka	Achievement	.png	0
chengjiu_ka0	Achievement	.png	0
chengjiu_ka1	Achievement	.png	0
chengjiu_ka2	Achievement	.png	0
chengjiu_ka3	Achievement	.png	0
chengjiu_ka4	Achievement	.png	0
chengjiu_kazi1	Achievement	.png	0
chengjiu_kazi2	Achievement	.png	0
chengjiu_kazi3	Achievement	.png	0
chengjiu_kazi4	Achievement	.png	0
chengjiu_yiduihuan	Achievement	.png	0
chengjiushop_bg	Achievement	.png	0
chengjiushop_buanbi	Achievement	.png	0
jineng_chengjiu_bg1	Achievement	.png	0
jineng_chengjiu_bg2	Achievement	.png	0
jineng_chengjiu_bg3	Achievement	.png	0
jineng_chengjiu_bg4	Achievement	.png	0
shopback_5	Achievement	.png	0
tanchuang_fengexian2	Achievement	.png	0
gonggao_btn_shouqi	Announcement	.png	0
gonggao_btn_zhankai	Announcement	.png	0
gonggao_pic_0	Announcement	.png	0
gonggao_pic_di	Announcement	.png	0
gonggao_pic_xinfeng1	Announcement	.png	0
gonggao_pic_xinfeng2	Announcement	.png	0
baoxiang_1	Box	.png	0
baoxiang_1_open	Box	.png	0
baoxiang_2	Box	.png	0
baoxiang_2_open	Box	.png	0
baoxiang_3	Box	.png	0
baoxiang_3_open	Box	.png	0
baoxiang_4	Box	.png	0
baoxiang_4_open	Box	.png	0
baoxiang_5	Box	.png	0
baoxiang_5_open	Box	.png	0
baoxiang_6	Box	.png	0
baoxiang_6_open	Box	.png	0
baoxiang_7	Box	.png	0
baoxiang_7_open	Box	.png	0
yg_btn_chongzhi	Clerk	.png	0
yg_icon_jinengdian	Clerk	.png	0
yg_icon_lvjiantou	Clerk	.png	0
yg_jindu	Clerk	.png	0
yg_ka01	Clerk	.png	0
yg_ka02	Clerk	.png	0
yg_ka03	Clerk	.png	0
yg_pic_biaoqian01	Clerk	.png	0
yg_pic_biaoqian02	Clerk	.png	0
yg_pic_biaoti	Clerk	.png	0
yg_pic_gongzuo	Clerk	.png	0
yg_pic_suo	Clerk	.png	0
yg_pic_xin	Clerk	.png	0
yg_pic_xiuxi	Clerk	.png	0
yg_yimanji	Clerk	.png	0
yg_zhuangshi04	Clerk	.png	0
yuangong_shoujiadi	Clerk	.png	0
yuangong_acniang	ClerkHead	.png	0
yuangong_ajun	ClerkHead	.png	0
yuangong_anlingrong	ClerkHead	.png	0
yuangong_anran	ClerkHead	.png	0
yuangong_awei	ClerkHead	.png	0
yuangong_ayong	ClerkHead	.png	0
yuangong_ayu	ClerkHead	.png	0
yuangong_bainiangzi	ClerkHead	.png	0
yuangong_chenchen	ClerkHead	.png	0
yuangong_chunli	ClerkHead	.png	0
yuangong_chunsheng	ClerkHead	.png	0
yuangong_daiyu	ClerkHead	.png	0
yuangong_dajiaoshen	ClerkHead	.png	0
yuangong_dalinzi	ClerkHead	.png	0
yuangong_dandan	ClerkHead	.png	0
yuangong_datian	ClerkHead	.png	0
yuangong_dazhou	ClerkHead	.png	0
yuangong_dihua	ClerkHead	.png	0
yuangong_dilirema	ClerkHead	.png	0
yuangong_fengxiaomei	ClerkHead	.png	0
yuangong_fugui	ClerkHead	.png	0
yuangong_gaohe	ClerkHead	.png	0
yuangong_genggeng	ClerkHead	.png	0
yuangong_gongteng	ClerkHead	.png	0
yuangong_gouge	ClerkHead	.png	0
yuangong_goutounan	ClerkHead	.png	0
yuangong_gouwukuang	ClerkHead	.png	0
yuangong_guaige	ClerkHead	.png	0
yuangong_guixianren	ClerkHead	.png	0
yuangong_guoliang	ClerkHead	.png	0
yuangong_haimiannan	ClerkHead	.png	0
yuangong_hanayi	ClerkHead	.png	0
yuangong_huadao	ClerkHead	.png	0
yuangong_huanshu	ClerkHead	.png	0
yuangong_huazai	ClerkHead	.png	0
yuangong_jike	ClerkHead	.png	0
yuangong_jingjing	ClerkHead	.png	0
yuangong_juzuo	ClerkHead	.png	0
yuangong_kunkun	ClerkHead	.png	0
yuangong_lange	ClerkHead	.png	0
yuangong_lanlan	ClerkHead	.png	0
yuangong_laoma	ClerkHead	.png	0
yuangong_lei	ClerkHead	.png	0
yuangong_lijiaqi	ClerkHead	.png	0
yuangong_ling	ClerkHead	.png	0
yuangong_liuyan	ClerkHead	.png	0
yuangong_lixiaolong	ClerkHead	.png	0
yuangong_longge	ClerkHead	.png	0
yuangong_lufei	ClerkHead	.png	0
yuangong_luolaoshi	ClerkHead	.png	0
yuangong_maike	ClerkHead	.png	0
yuangong_maikesi	ClerkHead	.png	0
yuangong_malilianmenglu	ClerkHead	.png	0
yuangong_maxixi	ClerkHead	.png	0
yuangong_mingren	ClerkHead	.png	0
yuangong_nezha	ClerkHead	.png	0
yuangong_panzishu	ClerkHead	.png	0
yuangong_qiumi	ClerkHead	.png	0
yuangong_qiyu	ClerkHead	.png	0
yuangong_ruanxiaoyu	ClerkHead	.png	0
yuangong_sanli	ClerkHead	.png	0
yuangong_senqiang	ClerkHead	.png	0
yuangong_shendage	ClerkHead	.png	0
yuangong_shiwaxinge	ClerkHead	.png	0
yuangong_shixian	ClerkHead	.png	0
yuangong_siming	ClerkHead	.png	0
yuangong_sudaye	ClerkHead	.png	0
yuangong_sulaoshi	ClerkHead	.png	0
yuangong_susu	ClerkHead	.png	0
yuangong_suying	ClerkHead	.png	0
yuangong_tailang	ClerkHead	.png	0
yuangong_tegonga	ClerkHead	.png	0
yuangong_tenggeer	ClerkHead	.png	0
yuangong_tianyi	ClerkHead	.png	0
yuangong_tongxiangyu	ClerkHead	.png	0
yuangong_tutu	ClerkHead	.png	0
yuangong_waimaixiaoge	ClerkHead	.png	0
yuangong_wanghaoran	ClerkHead	.png	0
yuangong_wangqian	ClerkHead	.png	0
yuangong_wangtiejun	ClerkHead	.png	0
yuangong_wujiejie	ClerkHead	.png	0
yuangong_wusanshi	ClerkHead	.png	0
yuangong_wuxiulan	ClerkHead	.png	0
yuangong_xiajiejie	ClerkHead	.png	0
yuangong_xiaobo	ClerkHead	.png	0
yuangong_xiaochan	ClerkHead	.png	0
yuangong_xiaochou	ClerkHead	.png	0
yuangong_xiaodangjia	ClerkHead	.png	0
yuangong_xiaodouzi	ClerkHead	.png	0
yuangong_xiaohui	ClerkHead	.png	0
yuangong_xiaojun	ClerkHead	.png	0
yuangong_xiaolong	ClerkHead	.png	0
yuangong_xiaoqing	ClerkHead	.png	0
yuangong_xiaosunyang	ClerkHead	.png	0
yuangong_xiaoxiange	ClerkHead	.png	0
yuangong_xiaoxun	ClerkHead	.png	0
yuangong_xiaoye	ClerkHead	.png	0
yuangong_xiaoyi	ClerkHead	.png	0
yuangong_xiaoyueyue	ClerkHead	.png	0
yuangong_xiaozhi	ClerkHead	.png	0
yuangong_xiayingying	ClerkHead	.png	0
yuangong_xingdage	ClerkHead	.png	0
yuangong_xiongmaoge	ClerkHead	.png	0
yuangong_xishuashua	ClerkHead	.png	0
yuangong_xixi	ClerkHead	.png	0
yuangong_xueying	ClerkHead	.png	0
yuangong_yangnike	ClerkHead	.png	0
yuangong_yase	ClerkHead	.png	0
yuangong_yeshifu	ClerkHead	.png	0
yuangong_ying	ClerkHead	.png	0
yuangong_yining	ClerkHead	.png	0
yuangong_zhangcuihua	ClerkHead	.png	0
yuangong_zhanlangge	ClerkHead	.png	0
yuangong_zhazhahui	ClerkHead	.png	0
yuangong_zhilingjiejie	ClerkHead	.png	0
yuangong_zhouxiaoye	ClerkHead	.png	0
yuangong_zhugechengxiang	ClerkHead	.png	0
yuangong_zhujue	ClerkHead	.png	0
yuangong_zuxian	ClerkHead	.png	0
clerk_skill_1	ClerkSkill	.png	0
clerk_skill_10	ClerkSkill	.png	0
clerk_skill_11	ClerkSkill	.png	0
clerk_skill_12	ClerkSkill	.png	0
clerk_skill_13	ClerkSkill	.png	0
clerk_skill_14	ClerkSkill	.png	0
clerk_skill_15	ClerkSkill	.png	0
clerk_skill_16	ClerkSkill	.png	0
clerk_skill_17	ClerkSkill	.png	0
clerk_skill_18	ClerkSkill	.png	0
clerk_skill_19	ClerkSkill	.png	0
clerk_skill_2	ClerkSkill	.png	0
clerk_skill_20	ClerkSkill	.png	0
clerk_skill_21	ClerkSkill	.png	0
clerk_skill_22	ClerkSkill	.png	0
clerk_skill_23	ClerkSkill	.png	0
clerk_skill_24	ClerkSkill	.png	0
clerk_skill_25	ClerkSkill	.png	0
clerk_skill_26	ClerkSkill	.png	0
clerk_skill_27	ClerkSkill	.png	0
clerk_skill_28	ClerkSkill	.png	0
clerk_skill_3	ClerkSkill	.png	0
clerk_skill_4	ClerkSkill	.png	0
clerk_skill_5	ClerkSkill	.png	0
clerk_skill_6	ClerkSkill	.png	0
clerk_skill_7	ClerkSkill	.png	0
clerk_skill_8	ClerkSkill	.png	0
clerk_skill_9	ClerkSkill	.png	0
bianpingqipao_01	Common	.png	0
btn_1	Common	.png	0
btn_2	Common	.png	0
btn_3	Common	.png	0
btn_4	Common	.png	0
btn_5	Common	.png	0
btn_6	Common	.png	0
btn_7	Common	.png	0
btn_8	Common	.png	0
btn_9	Common	.png	0
btn_icon_kanguanggao	Common	.png	0
btn_icon_qiehuan	Common	.png	0
btn_icon_qiehuan2	Common	.png	0
btn_icon_qingchu	Common	.png	0
btn_icon_shuaxin	Common	.png	0
btn_icon_shuaxin1	Common	.png	0
com_btn_guanbi	Common	.png	0
com_btn_mai	Common	.png	0
com_jiahao	Common	.png	0
com_pic_cwexp	Common	.png	0
com_pic_di0	Common	.png	0
com_pic_di1	Common	.png	0
com_pic_jinbi	Common	.png	0
com_pic_jindu	Common	.png	0
com_pic_jindu2	Common	.png	0
com_pic_jindu3	Common	.png	0
com_pic_jinengdian	Common	.png	0
com_pic_nengliang	Common	.png	0
com_pic_tiaozhan	Common	.png	0
com_pic_tiaozhantiao	Common	.png	0
com_pic_yiduijinbi	Common	.png	0
com_pic_zuanshi	Common	.png	0
com_wupindi	Common	.png	0
common_hongdian	Common	.png	0
common_hongdian2	Common	.png	0
common_xin	Common	.png	0
employee_green_bar_160x52b	Common	.png	0
gongxihuode_wupinkuang	Common	.png	0
icon_chengjiu	Common	.png	0
icon_jingyan	Common	.png	0
jieneng_beidong	Common	.png	0
jineng_dianpu	Common	.png	0
jineng_dianpu_beidong	Common	.png	0
jineng_weixuanzhong	Common	.png	0
jineng_xuankuang	Common	.png	0
jineng_xuanzhong	Common	.png	0
juqing_qipao1	Common	.png	0
juqing_qipao2	Common	.png	0
juqing_qipao3	Common	.png	0
loading_jindu	Common	.png	0
loading_paopao01	Common	.png	0
loading_paopao02	Common	.png	0
loading_paopao03	Common	.png	0
loading_yazi	Common	.png	0
shezhi_bg_guan	Common	.png	0
shezhi_bg_kai	Common	.png	0
shezhi_btn_1	Common	.png	0
shezhi_pic_xiaozhushou	Common	.png	0
shezhi_pic_xinxi	Common	.png	0
shezhi_pic_yijian	Common	.png	0
shezhi_pic_yinxiao	Common	.png	0
shezhi_pic_yinyue	Common	.png	0
shilingtishi_12	Common	.png	0
shilingtishi_diban_shu	Common	.png	0
shilingtishi_guanbi_shu	Common	.png	0
shop_xiangqing	Common	.png	0
tanchuang_bangzhu	Common	.png	0
tanchuang_da	Common	.png	0
tanchuang_di	Common	.png	0
tanchuang_di3	Common	.png	0
tanchuang_di4	Common	.png	0
tanchuang_di5	Common	.png	0
tanchuang_dise	Common	.png	0
tanchuang_fengexian	Common	.png	0
tanchuang_guanbi	Common	.png	0
tanchuang_jingshi	Common	.png	0
tanchuang_liebiao	Common	.png	0
tanchuang_tipsdi	Common	.png	0
tanchuang_xiangqing	Common	.png	0
tanchuang_zhuangshi01	Common	.png	0
tanchuang_zhuangshi02	Common	.png	0
tanchuang_zhuangshi03	Common	.png	0
tilibuzu_bg	Common	.png	0
ty_txt_guanbi	Common	.png	0
goods_anmo	Goods	.png	0
goods_anmo1	Goods	.png	0
goods_babaxifashui	Goods	.png	0
goods_babaxifashui1	Goods	.png	0
goods_baojianpindaquan	Goods	.png	0
goods_baojianpindaquan1	Goods	.png	0
goods_baokuangli	Goods	.png	0
goods_beifangrege	Goods	.png	0
goods_beifangrege1	Goods	.png	0
goods_binghuoliangchongtian	Goods	.png	0
goods_binghuoliangchongtian1	Goods	.png	0
goods_bingzhenguanzhuanghongyang	Goods	.png	0
goods_bingzhenguanzhuanghongyang1	Goods	.png	0
goods_bingzhenguanzhuangkuaileshui	Goods	.png	0
goods_bingzhenguanzhuangkuaileshui1	Goods	.png	0
goods_bingzhenguanzhuanglvpi	Goods	.png	0
goods_bingzhenguanzhuanglvpi1	Goods	.png	0
goods_bingzhenguanzhuangruiou	Goods	.png	0
goods_bingzhenguanzhuangruiou1	Goods	.png	0
goods_bingzhenguanzhuangsudashui	Goods	.png	0
goods_bingzhenguanzhuangsudashui1	Goods	.png	0
goods_bingzhenguanzhuangxuebi	Goods	.png	0
goods_bingzhenguanzhuangxuebi1	Goods	.png	0
goods_bojicaokeka	Goods	.png	0
goods_changxiaoshu	Goods	.png	0
goods_changxiaoshu1	Goods	.png	0
goods_chengnianchonglangmenpiao	Goods	.png	0
goods_chengnianhuatimenpiao	Goods	.png	0
goods_chonglangluxiangliunian	Goods	.png	0
goods_chonglangpaizhaoliunian	Goods	.png	0
goods_cucuo	Goods	.png	0
goods_cucuo1	Goods	.png	0
goods_cuonibao	Goods	.png	0
goods_cuonibao1	Goods	.png	0
goods_cuozao	Goods	.png	0
goods_cuozao1	Goods	.png	0
goods_donggandancheka	Goods	.png	0
goods_doudizhu	Goods	.png	0
goods_doudizhu1	Goods	.png	0
goods_feixingqi	Goods	.png	0
goods_feixingqi1	Goods	.png	0
goods_fenghuahufasu	Goods	.png	0
goods_fenghuahufasu1	Goods	.png	0
goods_gaijiaofan	Goods	.png	0
goods_gaijiaofan1	Goods	.png	0
goods_ganglingka	Goods	.png	0
goods_gaokaotiku	Goods	.png	0
goods_gaokaotiku1	Goods	.png	0
goods_guanzhuanghongyang	Goods	.png	0
goods_guanzhuanghongyang1	Goods	.png	0
goods_guanzhuangkuaileshui	Goods	.png	0
goods_guanzhuangkuaileshui1	Goods	.png	0
goods_guanzhuanglvpi	Goods	.png	0
goods_guanzhuanglvpi1	Goods	.png	0
goods_guanzhuangruiou	Goods	.png	0
goods_guanzhuangruiou1	Goods	.png	0
goods_guanzhuangsudashui	Goods	.png	0
goods_guanzhuangsudashui1	Goods	.png	0
goods_guanzhuangxuebi	Goods	.png	0
goods_guanzhuangxuebi1	Goods	.png	0
goods_haifeisi	Goods	.png	0
goods_haifeisi1	Goods	.png	0
goods_hongfenglinghufasu	Goods	.png	0
goods_hongfenglinghufasu1	Goods	.png	0
goods_hongjiucuo	Goods	.png	0
goods_hongjiucuo1	Goods	.png	0
goods_huabanzuyu	Goods	.png	0
goods_huabanzuyu1	Goods	.png	0
goods_huachuanka	Goods	.png	0
goods_huashifen	Goods	.png	0
goods_huatiluxiangliunian	Goods	.png	0
goods_huatipaizhaoliunian	Goods	.png	0
goods_jianjingxiufukeka	Goods	.png	0
goods_jingpinjinianpin	Goods	.png	0
goods_jingyoukaibei	Goods	.png	0
goods_jingyoukaibei1	Goods	.png	0
goods_jiweijiu	Goods	.png	0
goods_jiweijiu1	Goods	.png	0
goods_jushikeka	Goods	.png	0
goods_kushuangguozhi	Goods	.png	0
goods_kushuangguozhi1	Goods	.png	0
goods_lanzhoulamian	Goods	.png	0
goods_lanzhoulamian1	Goods	.png	0
goods_liangdiandiannaicha	Goods	.png	0
goods_liangdiandiannaicha1	Goods	.png	0
goods_liuxingquku	Goods	.png	0
goods_liuxingquku1	Goods	.png	0
goods_luosifen	Goods	.png	0
goods_luosifen1	Goods	.png	0
goods_maidong	Goods	.png	0
goods_majiang	Goods	.png	0
goods_majiang1	Goods	.png	0
goods_naicuo	Goods	.png	0
goods_naicuo1	Goods	.png	0
goods_nanshiyongyi	Goods	.png	0
goods_nvshiyongyi	Goods	.png	0
goods_paobuka	Goods	.png	0
goods_pulatikeka	Goods	.png	0
goods_qishenhualushui	Goods	.png	0
goods_qishenhualushui1	Goods	.png	0
goods_shaonianchonglangmenpiao	Goods	.png	0
goods_shaonianhuatimenpiao	Goods	.png	0
goods_shenxianshui	Goods	.png	0
goods_shenxianshui1	Goods	.png	0
goods_shishangzazhi	Goods	.png	0
goods_shishangzazhi1	Goods	.png	0
goods_shuazi	Goods	.png	0
goods_shuazi1	Goods	.png	0
goods_shufujiamuyulu	Goods	.png	0
goods_shufujiamuyulu1	Goods	.png	0
goods_shupian	Goods	.png	0
goods_shupian1	Goods	.png	0
goods_tiaoshengka	Goods	.png	0
goods_tiaowuji	Goods	.png	0
goods_tiaowuji1	Goods	.png	0
goods_toulanji	Goods	.png	0
goods_toulanji1	Goods	.png	0
goods_tuixiongxunlianka	Goods	.png	0
goods_tuoyuanjika	Goods	.png	0
goods_VIPbojicaoxiaoke	Goods	.png	0
goods_VIPdonggandancheka	Goods	.png	0
goods_VIPganglingka	Goods	.png	0
goods_VIPhuachuanka	Goods	.png	0
goods_VIPjianjingxiufuka	Goods	.png	0
goods_VIPjueshixiaoke	Goods	.png	0
goods_VIPpaobuka	Goods	.png	0
goods_VIPpulatikeka	Goods	.png	0
goods_VIPtiaoshengka	Goods	.png	0
goods_VIPtuixiongxunlianka	Goods	.png	0
goods_VIPtuoyuanjika	Goods	.png	0
goods_VIPwotuika	Goods	.png	0
goods_VIPyouyongka	Goods	.png	0
goods_VIPyujiaxiaoke	Goods	.png	0
goods_VIPzonghexunlianka	Goods	.png	0
goods_VIPzunbaxiaoke	Goods	.png	0
goods_wotuika	Goods	.png	0
goods_xianguazi	Goods	.png	0
goods_xianguazi1	Goods	.png	0
goods_xiaozongping	Goods	.png	0
goods_xiaozongping1	Goods	.png	0
goods_xiujiaozuyu	Goods	.png	0
goods_xiujiaozuyu1	Goods	.png	0
goods_yadunshentiru	Goods	.png	0
goods_yadunshentiru1	Goods	.png	0
goods_yancuo	Goods	.png	0
goods_yancuo1	Goods	.png	0
goods_youxiji	Goods	.png	0
goods_youxiji1	Goods	.png	0
goods_youyongersai	Goods	.png	0
goods_youyongka	Goods	.png	0
goods_youyongmao	Goods	.png	0
goods_youyongyanjing	Goods	.png	0
goods_yueyujinqu	Goods	.png	0
goods_yueyujinqu1	Goods	.png	0
goods_yujiadian	Goods	.png	0
goods_yujiakeka	Goods	.png	0
goods_yundongmaojin	Goods	.png	0
goods_zaotangmaojin	Goods	.png	0
goods_zaotangmaojin1	Goods	.png	0
goods_zaotangyujin	Goods	.png	0
goods_zaotangyujin1	Goods	.png	0
goods_zhiyedoudizhupeiwan	Goods	.png	0
goods_zhiyedoudizhupeiwan1	Goods	.png	0
goods_zhiyefeixingqipeiwan	Goods	.png	0
goods_zhiyefeixingqipeiwan1	Goods	.png	0
goods_zhiyemajiangpeiwan	Goods	.png	0
goods_zhiyemajiangpeiwan1	Goods	.png	0
goods_zhongyaozuyu	Goods	.png	0
goods_zhongyaozuyu1	Goods	.png	0
goods_zonghexunlianka	Goods	.png	0
goods_zumalongmuyulu	Goods	.png	0
goods_zumalongmuyulu1	Goods	.png	0
goods_zunbakeka	Goods	.png	0
item_mianfeilibao	Goods	.png	0
item_mianfeilibao1	Goods	.png	0
cebian_tujian	GuestCollect	.png	0
guke_huizhang1	GuestCollect	.png	0
guke_huizhang2	GuestCollect	.png	0
guke_huizhang3	GuestCollect	.png	0
guke_huizhang4	GuestCollect	.png	0
guke_huizhang5	GuestCollect	.png	0
huode_xinke_di1	GuestCollect	.png	0
huode_xinke_di2	GuestCollect	.png	0
huode_xinke_di3	GuestCollect	.png	0
icon_haogandu	GuestCollect	.png	0
icon_haoganlihe	GuestCollect	.png	0
jindu_huakuai	GuestCollect	.png	0
keren_biaoqian	GuestCollect	.png	0
lake_xinke	GuestCollect	.png	0
tujian_bg	GuestCollect	.png	0
tujian_bg2	GuestCollect	.png	0
tujian_biaoqian_di	GuestCollect	.png	0
tujian_fanye	GuestCollect	.png	0
tujian_ka0	GuestCollect	.png	0
tujian_ka01	GuestCollect	.png	0
tujian_ka1	GuestCollect	.png	0
tujian_ka2	GuestCollect	.png	0
tujian_ka3	GuestCollect	.png	0
tujian_ka4	GuestCollect	.png	0
tujian_ka5	GuestCollect	.png	0
tujian_kuang0	GuestCollect	.png	0
tujian_kuang1	GuestCollect	.png	0
tujian_kuang2	GuestCollect	.png	0
tujian_kuang3	GuestCollect	.png	0
tujian_kuang4	GuestCollect	.png	0
tujian_kuang5	GuestCollect	.png	0
tujian_touxiang_bg1	GuestCollect	.png	0
tujian_touxiang_bg2	GuestCollect	.png	0
tujian_zhuangban	GuestCollect	.png	0
zjm_dengjijindu_1	GuestCollect	.png	0
zjm_dengjijindu_2	GuestCollect	.png	0
zjm_dengjitisheng_txt	GuestCollect	.png	0
guke_1	GuestHead	.png	0
guke_10	GuestHead	.png	0
guke_11	GuestHead	.png	0
guke_12	GuestHead	.png	0
guke_13	GuestHead	.png	0
guke_14	GuestHead	.png	0
guke_15	GuestHead	.png	0
guke_16	GuestHead	.png	0
guke_17	GuestHead	.png	0
guke_18	GuestHead	.png	0
guke_19	GuestHead	.png	0
guke_2	GuestHead	.png	0
guke_20	GuestHead	.png	0
guke_21	GuestHead	.png	0
guke_22	GuestHead	.png	0
guke_23	GuestHead	.png	0
guke_24	GuestHead	.png	0
guke_25	GuestHead	.png	0
guke_26	GuestHead	.png	0
guke_27	GuestHead	.png	0
guke_28	GuestHead	.png	0
guke_29	GuestHead	.png	0
guke_3	GuestHead	.png	0
guke_30	GuestHead	.png	0
guke_31	GuestHead	.png	0
guke_32	GuestHead	.png	0
guke_33	GuestHead	.png	0
guke_34	GuestHead	.png	0
guke_35	GuestHead	.png	0
guke_36	GuestHead	.png	0
guke_37	GuestHead	.png	0
guke_38	GuestHead	.png	0
guke_39	GuestHead	.png	0
guke_4	GuestHead	.png	0
guke_40	GuestHead	.png	0
guke_41	GuestHead	.png	0
guke_44	GuestHead	.png	0
guke_45	GuestHead	.png	0
guke_46	GuestHead	.png	0
guke_47	GuestHead	.png	0
guke_48	GuestHead	.png	0
guke_49	GuestHead	.png	0
guke_5	GuestHead	.png	0
guke_50	GuestHead	.png	0
guke_51	GuestHead	.png	0
guke_52	GuestHead	.png	0
guke_53	GuestHead	.png	0
guke_54	GuestHead	.png	0
guke_55	GuestHead	.png	0
guke_56	GuestHead	.png	0
guke_57	GuestHead	.png	0
guke_58	GuestHead	.png	0
guke_59	GuestHead	.png	0
guke_6	GuestHead	.png	0
guke_60	GuestHead	.png	0
guke_61	GuestHead	.png	0
guke_62	GuestHead	.png	0
guke_63	GuestHead	.png	0
guke_64	GuestHead	.png	0
guke_65	GuestHead	.png	0
guke_66	GuestHead	.png	0
guke_67	GuestHead	.png	0
guke_68	GuestHead	.png	0
guke_69	GuestHead	.png	0
guke_7	GuestHead	.png	0
guke_70	GuestHead	.png	0
guke_71	GuestHead	.png	0
guke_72	GuestHead	.png	0
guke_73	GuestHead	.png	0
guke_8	GuestHead	.png	0
guke_9	GuestHead	.png	0
kerenmingdan_gensui	GuestList	.png	0
kerenmingdan_touxiang	GuestList	.png	0
kerenmingdan_wupindi1	GuestList	.png	0
kerenmingdan_wupindi2	GuestList	.png	0
kerenmingdan_wupindi3	GuestList	.png	0
kerenmingdan_wupindi4	GuestList	.png	0
lake_di_beifang	GuestList	.png	0
lake_di_nanfang	GuestList	.png	0
lake_di_xiedai	GuestList	.png	0
lake_ka	GuestList	.png	0
lake_ka_xuankuang	GuestList	.png	0
tanchuang_tipsdi2	GuestList	.png	0
tilibuzu_biaoti	GuestList	.png	0
tilibuzu_juese	GuestList	.png	0
xinshouyindao_jiantou	Guide	.png	0
xsyd_banshen_huang	Guide	.png	0
xsyd_banshen_nanzhu	Guide	.png	0
xsyd_banshen_nvzhu	Guide	.png	0
xsyd_banshen_vip	Guide	.png	0
xsyd_duihuakuang1	Guide	.png	0
xsyd_duihuakuang2	Guide	.png	0
xsyd_duihuakuang3	Guide	.png	0
xsyd_juese1	Guide	.png	0
xsyd_juese2	Guide	.png	0
xsyd_shou	Guide	.png	0
cebian_chengjiu	Home	.png	0
cebian_gonggao	Home	.png	0
cebian_jiayuan	Home	.png	0
cebian_qiandao	Home	.png	0
cebian_shezhi	Home	.png	0
cebian_tiaozhan	Home	.png	0
cebian_yijianruqun	Home	.png	0
cebian_zhuangxiu	Home	.png	0
com_btn_anniu	Home	.png	0
com_btn_renwu	Home	.png	0
com_btn_shangcheng	Home	.png	0
com_btn_shuaxin	Home	.png	0
com_btn_xiangqing	Home	.png	0
com_btn_yuangong	Home	.png	0
com_pic_dengji	Home	.png	0
com_pic_dengjidi	Home	.png	0
com_pic_dengjitubiao	Home	.png	0
com_pic_di2	Home	.png	0
com_pic_keren	Home	.png	0
com_pic_lake1	Home	.png	0
com_pic_lakezhong1	Home	.png	0
com_pic_renwu	Home	.png	0
com_pic_renwutiao	Home	.png	0
com_pic_shangcheng	Home	.png	0
com_pic_tishi	Home	.png	0
com_pic_wancheng	Home	.png	0
com_pic_yiman1	Home	.png	0
com_pic_yuangong	Home	.png	0
com_pic_zhuangxiu	Home	.png	0
huijia_juese	Home	.png	0
icon_shouyi	Home	.png	0
icon_shouyi2	Home	.png	0
map_zhaopai	Home	.png	0
renwu_wancheng	Home	.png	0
tiaozhan_zjm_bg	Home	.png	0
tiaozhan_zjm_btn	Home	.png	0
upstairs_zhaopai	Home	.png	0
zjm_banshou	Home	.png	0
zjm_dasao	Home	.png	0
zjm_jiesuo01	Home	.png	0
zjm_jiesuo02	Home	.png	0
zjm_jiesuodi	Home	.png	0
zjm_jineng_jcu	Home	.png	0
zjm_jineng_jiaqian	Home	.png	0
zjm_jineng_jjiasu	Home	.png	0
zjm_qipao1	Home	.png	0
zjm_qipao2	Home	.png	0
zjm_qipao3	Home	.png	0
zjm_qipao4	Home	.png	0
zjm_qipao5	Home	.png	0
zjm_qipao6	Home	.png	0
zjm_quehuo1	Home	.png	0
zjm_quehuo2	Home	.png	0
zjm_shijian	Home	.png	0
zjm_shijiandi	Home	.png	0
zjm_suo	Home	.png	0
zjm_suo2	Home	.png	0
zjm_wancheng	Home	.png	0
zjm_wancheng1	Home	.png	0
zjm_wancheng2	Home	.png	0
zjm_wancheng3	Home	.png	0
zjm_xiuli	Home	.png	0
zjm_zhezhao	Home	.png	0
zjm_zhuangxiu	Home	.png	0
com_pic_cangku	homeworld	.png	0
com_pic_chognwu	homeworld	.png	0
com_pic_huijia	homeworld	.png	0
com_pic_shengji	homeworld	.png	0
com_pic_zichan	homeworld	.png	0
com_tab_bg	homeworld	.png	0
com_tab1	homeworld	.png	0
com_tab2	homeworld	.png	0
com_tab3	homeworld	.png	0
cw_btn_guanbi	homeworld	.png	0
cw_btn_weixuan	homeworld	.png	0
cw_btn_xuanzhong	homeworld	.png	0
cw_dengji_di	homeworld	.png	0
cw_dengji_di0	homeworld	.png	0
cw_gouzi	homeworld	.png	0
cw_pic_1	homeworld	.png	0
cw_pic_1_1	homeworld	.png	0
cw_pic_2	homeworld	.png	0
cw_pic_2_1	homeworld	.png	0
cw_pic_3	homeworld	.png	0
cw_pic_3_1	homeworld	.png	0
cw_pic_bian1	homeworld	.png	0
cw_pic_bian2	homeworld	.png	0
cw_pic_daihuo	homeworld	.png	0
cw_pic_fadai	homeworld	.png	0
cw_pic_gaiming	homeworld	.png	0
cw_pic_gou	homeworld	.png	0
cw_pic_gou0	homeworld	.png	0
cw_pic_guang	homeworld	.png	0
cw_pic_jindutiao	homeworld	.png	0
cw_pic_kuang0	homeworld	.png	0
cw_pic_kuang2	homeworld	.png	0
cw_pic_kuang3	homeworld	.png	0
cw_pic_kuang4	homeworld	.png	0
cw_pic_kuang6	homeworld	.png	0
cw_pic_kuang7	homeworld	.png	0
cw_pic_kuang8	homeworld	.png	0
cw_pic_kuangkuang	homeworld	.png	0
cw_pic_kuango5	homeworld	.png	0
cw_pic_manji	homeworld	.png	0
cw_pic_manji0	homeworld	.png	0
cw_pic_mao	homeworld	.png	0
cw_pic_qipao	homeworld	.png	0
cw_pic_qipao0	homeworld	.png	0
cw_pic_shengji	homeworld	.png	0
cw_pic_sucai	homeworld	.png	0
cw_pic_tianjia	homeworld	.png	0
cw_pic_touying	homeworld	.png	0
cw_pic_tuo	homeworld	.png	0
cw_pic_tuo0	homeworld	.png	0
cw_pic_xingxing	homeworld	.png	0
cw_pic_xiuxi	homeworld	.png	0
cw_pic_xuanzhong	homeworld	.png	0
cw_pic_xuanzhonga	homeworld	.png	0
cw_pic_yinzhang	homeworld	.png	0
cw_pic_youzhi	homeworld	.png	0
cw_touxiang_gou	homeworld	.png	0
cw_touxiang_mao	homeworld	.png	0
cw_touxiang_yangtuo	homeworld	.png	0
cw_yangtuo	homeworld	.png	0
donghua_xingxing	homeworld	.png	0
guantou_1	homeworld	.png	0
guantou_2	homeworld	.png	0
guantou_3	homeworld	.png	0
item_chongwuwu	homeworld	.png	0
item_daihuo	homeworld	.png	0
item_jiangli	homeworld	.png	0
item_junzilanzhongzi	homeworld	.png	0
item_luhuizhongzi	homeworld	.png	0
item_paichu	homeworld	.png	0
item_qiangweizhongzi	homeworld	.png	0
item_shouhuo	homeworld	.png	0
item_shuixianzhongzi	homeworld	.png	0
item_yu1	homeworld	.png	0
item_yuer	homeworld	.png	0
jiayuan_biaotidi1	homeworld	.png	0
jiayuan_biaotidi2	homeworld	.png	0
jiayuan_cangkubiaoti	homeworld	.png	0
jiayuan_cangkubiaoti2	homeworld	.png	0
jiayuan_cangkudi1	homeworld	.png	0
jiayuan_cangkudi2	homeworld	.png	0
jiayuan_cangkudi3	homeworld	.png	0
jiayuan_huashuliang	homeworld	.png	0
jiayuan_item_che1	homeworld	.png	0
jiayuan_item_che2	homeworld	.png	0
jiayuan_item_che3	homeworld	.png	0
jiayuan_item_che4	homeworld	.png	0
jiayuan_item_che5	homeworld	.png	0
jiayuan_item_fangzi1	homeworld	.png	0
jiayuan_item_fangzi2	homeworld	.png	0
jiayuan_item_fangzi3	homeworld	.png	0
jiayuan_item_fangzi4	homeworld	.png	0
jiayuan_item_fangzi5	homeworld	.png	0
jiayuan_item_hua1	homeworld	.png	0
jiayuan_item_hua2	homeworld	.png	0
jiayuan_item_hua3	homeworld	.png	0
jiayuan_item_hua4	homeworld	.png	0
jiayuan_item_wo1	homeworld	.png	0
jiayuan_item_wo2	homeworld	.png	0
jiayuan_item_wo3	homeworld	.png	0
jiayuan_item_wo4	homeworld	.png	0
jiayuan_item_wo5	homeworld	.png	0
jiayuan_item_yu1	homeworld	.png	0
jiayuan_item_yu2	homeworld	.png	0
jiayuan_item_yu3	homeworld	.png	0
jiayuan_item_yu4	homeworld	.png	0
jiayuan_item_yvtang	homeworld	.png	0
jiayuan_item_zhongzi1	homeworld	.png	0
jiayuan_item_zhongzi2	homeworld	.png	0
jiayuan_item_zhongzi3	homeworld	.png	0
jiayuan_item_zhongzi4	homeworld	.png	0
jiayuan_jiangli_wupindi	homeworld	.png	0
jiayuan_jianglidi	homeworld	.png	0
jiayuan_jiesuo	homeworld	.png	0
jiayuan_jindu	homeworld	.png	0
jiayuan_jindudi	homeworld	.png	0
jiayuan_paichu1	homeworld	.png	0
jiayuan_shanghuo	homeworld	.png	0
jiayuan_shangjia_di1	homeworld	.png	0
jiayuan_shangjia_di2	homeworld	.png	0
jiayuan_shengji	homeworld	.png	0
jiayuan_shijian	homeworld	.png	0
jiayuan_shoujia	homeworld	.png	0
jiayuan_shoumaizhong	homeworld	.png	0
jiayuan_wupinmingdi	homeworld	.png	0
jiayuan_yushuliang	homeworld	.png	0
jiayuan_zhongzhi	homeworld	.png	0
jiayuan_zichan_cheku	homeworld	.png	0
jiayuan_zichan_chongwuwo	homeworld	.png	0
jiayuan_zichan_gangzi	homeworld	.png	0
jiayuan_che_1	map_homeworld	.png	0
jiayuan_che_1_1	map_homeworld	.png	0
jiayuan_che_2	map_homeworld	.png	0
jiayuan_che_2_1	map_homeworld	.png	0
jiayuan_che_3	map_homeworld	.png	0
jiayuan_che_3_1	map_homeworld	.png	0
jiayuan_che_4	map_homeworld	.png	0
jiayuan_che_4_1	map_homeworld	.png	0
jiayuan_che_5	map_homeworld	.png	0
jiayuan_che_5_1	map_homeworld	.png	0
jiayuan_diaoyu	map_homeworld	.png	0
jiayuan_diaoyu_1	map_homeworld	.png	0
jiayuan_diaoyu_2	map_homeworld	.png	0
jiayuan_diaoyu_3	map_homeworld	.png	0
jiayuan_diaoyu_4	map_homeworld	.png	0
jiayuan_diaoyu_5	map_homeworld	.png	0
jiayuan_huapu	map_homeworld	.png	0
jiayuan_shuying	map_homeworld	.png	0
jiayuan_tanwei	map_homeworld	.png	0
jiayuan_zhalan	map_homeworld	.png	0
jiayuan_zhalan_1	map_homeworld	.png	0
jiayuan_zhiwu_junzilan_1	map_homeworld	.png	0
jiayuan_zhiwu_junzilan_2	map_homeworld	.png	0
jiayuan_zhiwu_junzilan_3	map_homeworld	.png	0
jiayuan_zhiwu_luhui_1	map_homeworld	.png	0
jiayuan_zhiwu_luhui_2	map_homeworld	.png	0
jiayuan_zhiwu_luhui_3	map_homeworld	.png	0
jiayuan_zhiwu_qiangwei_1	map_homeworld	.png	0
jiayuan_zhiwu_qiangwei_2	map_homeworld	.png	0
jiayuan_zhiwu_qiangwei_3	map_homeworld	.png	0
jiayuan_zhiwu_shuijian_1	map_homeworld	.png	0
jiayuan_zhiwu_shuijian_2	map_homeworld	.png	0
jiayuan_zhiwu_shuijian_3	map_homeworld	.png	0
jiayuan_chongwuwu1	map_homeworld2	.png	0
jiayuan_chongwuwu2	map_homeworld2	.png	0
jiayuan_chongwuwu3	map_homeworld2	.png	0
jiayuan_chongwuwu4	map_homeworld2	.png	0
jiayuan_chongwuwu5	map_homeworld2	.png	0
map01_cuozaotai	map01Atlas1	.png	0
map01_cuozaotai_nv	map01Atlas1	.png	0
map01_guitai	map01Atlas1	.png	0
map01_guitai_1	map01Atlas1	.png	0
map01_men_1_1	map01Atlas1	.png	0
map01_men_1_2	map01Atlas1	.png	0
map01_menkou_1	map01Atlas1	.png	0
map01_menkou_3	map01Atlas1	.png	0
map01_qiang	map01Atlas1	.png	0
map01_sangna	map01Atlas1	.png	0
map01_sangna_nv	map01Atlas1	.png	0
map01_sangnamen_1	map01Atlas1	.png	0
map01_sangnamen_1_nv	map01Atlas1	.png	0
map01_sangnamen_2	map01Atlas1	.png	0
map01_sangnamen_2_nv	map01Atlas1	.png	0
map01_shuxitai	map01Atlas1	.png	0
map01_shuxitai_dengzi	map01Atlas1	.png	0
map01_xilianpen	map01Atlas1	.png	0
map01_xiyu	map01Atlas1	.png	0
map01_xiyu_geban_1	map01Atlas1	.png	0
map01_xiyu_geban_2	map01Atlas1	.png	0
map01_xiyu_nv	map01Atlas1	.png	0
map01_yuangongmen_1	map01Atlas1	.png	0
map01_yuchi	map01Atlas1	.png	0
map01_yuchi_1	map01Atlas1	.png	0
map01_yuchi_nv	map01Atlas1	.png	0
map01_yuchi_nv_1	map01Atlas1	.png	0
map01_men_2_1	map01Atlas1_2	.png	0
map01_men_2_2	map01Atlas1_2	.png	0
map01_men_3_1	map01Atlas1_2	.png	0
map01_men_3_2	map01Atlas1_2	.png	0
map01_men_4_1	map01Atlas1_2	.png	0
map01_men_4_2	map01Atlas1_2	.png	0
map01_men_5_1	map01Atlas1_2	.png	0
map01_men_5_2	map01Atlas1_2	.png	0
map01_men_5_3	map01Atlas1_2	.png	0
map01_men_5_4	map01Atlas1_2	.png	0
map01_deng_1	map01Atlas100	.png	0
map01_dianshan	map01Atlas100	.png	0
map01_huaping_1	map01Atlas100	.png	0
map01_penzai_1	map01Atlas100	.png	0
map01_penzai_2	map01Atlas100	.png	0
map01_penzai_3	map01Atlas100	.png	0
map01_shizhong	map01Atlas100	.png	0
map01_shuitong_2	map01Atlas100	.png	0
map01_yinshuiji	map01Atlas100	.png	0
map01_anmo	map01Atlas2	.png	0
map01_canting_1	map01Atlas2	.png	0
map01_canting_3	map01Atlas2	.png	0
map01_canting_4	map01Atlas2	.png	0
map01_gengyigui	map01Atlas2	.png	0
map01_gengyigui_1	map01Atlas2	.png	0
map01_guanggaoban	map01Atlas2	.png	0
map01_guanggaoban_1	map01Atlas2	.png	0
map01_guanggaoban_2	map01Atlas2	.png	0
map01_guanggaoban_3	map01Atlas2	.png	0
map01_men_6_1	map01Atlas2	.png	0
map01_men_6_2	map01Atlas2	.png	0
map01_men_6_3	map01Atlas2	.png	0
map01_men_6_4	map01Atlas2	.png	0
map01_shuiba_1	map01Atlas2	.png	0
map01_shuiba_3	map01Atlas2	.png	0
map01_shuiba_4	map01Atlas2	.png	0
map01_zuliao_1	map01Atlas2	.png	0
map01_zuliao_2	map01Atlas2	.png	0
map01_guanggaoban_4	map01Atlas3	.png	0
map01_guanggaoban_5	map01Atlas3	.png	0
map01_guanggaoban_6	map01Atlas3	.png	0
map01_guanggaoban_7	map01Atlas3	.png	0
map01_haibao_1	map01Atlas3	.png	0
map01_haibao_2	map01Atlas3	.png	0
map01_jinzhixiyan	map01Atlas3	.png	0
map01_men_7_1	map01Atlas3	.png	0
map01_men_7_2	map01Atlas3	.png	0
map01_men_7_3	map01Atlas3	.png	0
map01_men_7_4	map01Atlas3	.png	0
map01_qipai_1	map01Atlas3	.png	0
map01_qipai_2	map01Atlas3	.png	0
map01_qipai_3	map01Atlas3	.png	0
map01_qipai_4	map01Atlas3	.png	0
map01_youxiji_1	map01Atlas3	.png	0
map01_youxiji_2	map01Atlas3	.png	0
map01_youxiji_3_1	map01Atlas3	.png	0
map01_KTV_1	map01Atlas4	.png	0
map01_KTV_2	map01Atlas4	.png	0
map01_KTV_3	map01Atlas4	.png	0
map01_KTV_6	map01Atlas4	.png	0
map01_KTV_7	map01Atlas4	.png	0
map01_KTV_dan_1	map01Atlas4	.png	0
map01_KTV_dan_2	map01Atlas4	.png	0
map01_men_8_1	map01Atlas4	.png	0
map01_men_8_2	map01Atlas4	.png	0
map01_men_8_3	map01Atlas4	.png	0
map01_men_8_4	map01Atlas4	.png	0
map01_shugui_1	map01Atlas4	.png	0
map01_shugui_2	map01Atlas4	.png	0
map01_shugui_3	map01Atlas4	.png	0
diantiguang	map10Atlas1	.png	0
upstairs_biaoji	map10Atlas1	.png	0
upstairs_chonglangban1	map10Atlas1	.png	0
upstairs_chonglangban2	map10Atlas1	.png	0
upstairs_chonglangban3	map10Atlas1	.png	0
upstairs_chonglangban4	map10Atlas1	.png	0
upstairs_deng	map10Atlas1	.png	0
upstairs_deng0	map10Atlas1	.png	0
upstairs_diantikou	map10Atlas1	.png	0
upstairs_diantimen	map10Atlas1	.png	0
upstairs_dianzi	map10Atlas1	.png	0
upstairs_donggandanche	map10Atlas1	.png	0
upstairs_guizi	map10Atlas1	.png	0
upstairs_huachuanji	map10Atlas1	.png	0
upstairs_huati1	map10Atlas1	.png	0
upstairs_huati2	map10Atlas1	.png	0
upstairs_huatijiazi1	map10Atlas1	.png	0
upstairs_huatijiazi2	map10Atlas1	.png	0
upstairs_jianpiaogan	map10Atlas1	.png	0
upstairs_jianpiaoji1	map10Atlas1	.png	0
upstairs_jianpiaoji2	map10Atlas1	.png	0
upstairs_jianpiaokou	map10Atlas1	.png	0
upstairs_juzhongji	map10Atlas1	.png	0
upstairs_lajitong	map10Atlas1	.png	0
upstairs_laliqi	map10Atlas1	.png	0
upstairs_langan	map10Atlas1	.png	0
upstairs_maojin	map10Atlas1	.png	0
upstairs_paobuji1	map10Atlas1	.png	0
upstairs_paobuji2	map10Atlas1	.png	0
upstairs_qiang	map10Atlas1	.png	0
upstairs_qiu_1	map10Atlas1	.png	0
upstairs_qiu_2	map10Atlas1	.png	0
upstairs_tiaosheng1	map10Atlas1	.png	0
upstairs_tiaosheng2	map10Atlas1	.png	0
upstairs_tizi	map10Atlas1	.png	0
upstairs_tuoyuanji	map10Atlas1	.png	0
upstairs_wotui_1	map10Atlas1	.png	0
upstairs_wotui_2	map10Atlas1	.png	0
upstairs_xialou_you	map10Atlas1	.png	0
upstairs_xialou_zuo	map10Atlas1	.png	0
upstairs_xiaoxindihua	map10Atlas1	.png	0
upstairs_yaling	map10Atlas1	.png	0
upstairs_yaling_1	map10Atlas1	.png	0
upstairs_yalingjiazi_1	map10Atlas1	.png	0
upstairs_yalingjiazi_2	map10Atlas1	.png	0
upstairs_yalingyingzi	map10Atlas1	.png	0
upstairs_yatui_1	map10Atlas1	.png	0
upstairs_yatui_2	map10Atlas1	.png	0
upstairs_yizi	map10Atlas1	.png	0
upstairs_youyongquan	map10Atlas1	.png	0
upstairs_youyongxian1	map10Atlas1	.png	0
upstairs_youyongxian2	map10Atlas1	.png	0
upstairs_yujiadian_1	map10Atlas1	.png	0
upstairs_yujiadian_2	map10Atlas1	.png	0
upstairs_yujiadian1	map10Atlas1	.png	0
upstairs_zhuan_1	map10Atlas1	.png	0
upstairs_zhuan_2	map10Atlas1	.png	0
upstairs_zhuangshidai	map10Atlas1	.png	0
map2_cuozaotai	map2Atlas1	.png	0
map2_cuozaotai_nv	map2Atlas1	.png	0
map2_deng	map2Atlas1	.png	0
map2_guitai	map2Atlas1	.png	0
map2_guitai_1	map2Atlas1	.png	0
map2_men_1_1	map2Atlas1	.png	0
map2_men_1_2	map2Atlas1	.png	0
map2_menkou_1	map2Atlas1	.png	0
map2_menkou_3	map2Atlas1	.png	0
map2_qiang	map2Atlas1	.png	0
map2_qiangfeng	map2Atlas1	.png	0
map2_sangna	map2Atlas1	.png	0
map2_sangna_nv	map2Atlas1	.png	0
map2_sangnamen_1	map2Atlas1	.png	0
map2_sangnamen_1_nv	map2Atlas1	.png	0
map2_sangnamen_2	map2Atlas1	.png	0
map2_sangnamen_2_nv	map2Atlas1	.png	0
map2_shuxitai	map2Atlas1	.png	0
map2_shuxitai_dengzi	map2Atlas1	.png	0
map2_xilianpen	map2Atlas1	.png	0
map2_xiyu	map2Atlas1	.png	0
map2_xiyu_geban_1	map2Atlas1	.png	0
map2_xiyu_nv	map2Atlas1	.png	0
map2_yuangongmen	map2Atlas1	.png	0
map2_yuangongmen_1	map2Atlas1	.png	0
map2_yuchi	map2Atlas1	.png	0
map2_yuchi_2	map2Atlas1	.png	0
map2_yuchi_nv	map2Atlas1	.png	0
map2_yuchi_nv_1	map2Atlas1	.png	0
map2_men_2_1	map2Atlas1_2	.png	0
map2_men_2_2	map2Atlas1_2	.png	0
map2_men_3_1	map2Atlas1_2	.png	0
map2_men_3_2	map2Atlas1_2	.png	0
map2_men_4_1	map2Atlas1_2	.png	0
map2_men_4_2	map2Atlas1_2	.png	0
map2_men_5_1	map2Atlas1_2	.png	0
map2_men_5_2	map2Atlas1_2	.png	0
map2_men_5_3	map2Atlas1_2	.png	0
map2_men_5_4	map2Atlas1_2	.png	0
map2_baomihua	map2Atlas100	.png	0
map2_dianshan	map2Atlas100	.png	0
map2_huaping_1	map2Atlas100	.png	0
map2_kele	map2Atlas100	.png	0
map2_lideng_1	map2Atlas100	.png	0
map2_penzai_1	map2Atlas100	.png	0
map2_penzai_2	map2Atlas100	.png	0
map2_penzai_3	map2Atlas100	.png	0
map2_shizhong	map2Atlas100	.png	0
map2_shuitong_2	map2Atlas100	.png	0
map2_yinshuiji	map2Atlas100	.png	0
map2_anmo	map2Atlas2	.png	0
map2_canting_1	map2Atlas2	.png	0
map2_canting_3	map2Atlas2	.png	0
map2_canting_4	map2Atlas2	.png	0
map2_gengyigui	map2Atlas2	.png	0
map2_gengyigui_1	map2Atlas2	.png	0
map2_guanggaoban	map2Atlas2	.png	0
map2_guanggaoban_1	map2Atlas2	.png	0
map2_guanggaoban_2	map2Atlas2	.png	0
map2_guanggaoban_3	map2Atlas2	.png	0
map2_men_6_1	map2Atlas2	.png	0
map2_men_6_2	map2Atlas2	.png	0
map2_men_6_3	map2Atlas2	.png	0
map2_men_6_4	map2Atlas2	.png	0
map2_shuiba_1	map2Atlas2	.png	0
map2_shuiba_2	map2Atlas2	.png	0
map2_shuiba_3	map2Atlas2	.png	0
map2_shuiba_4	map2Atlas2	.png	0
map2_zuliao_1	map2Atlas2	.png	0
map2_zuliao_2	map2Atlas2	.png	0
map2_guanggaoban_4	map2Atlas3	.png	0
map2_guanggaoban_5	map2Atlas3	.png	0
map2_guanggaoban_6	map2Atlas3	.png	0
map2_guanggaoban_7	map2Atlas3	.png	0
map2_haibao_1	map2Atlas3	.png	0
map2_haibao_2	map2Atlas3	.png	0
map2_jinzhixiyan	map2Atlas3	.png	0
map2_men_7_1	map2Atlas3	.png	0
map2_men_7_2	map2Atlas3	.png	0
map2_men_7_3	map2Atlas3	.png	0
map2_men_7_4	map2Atlas3	.png	0
map2_qipai_1	map2Atlas3	.png	0
map2_qipai_2	map2Atlas3	.png	0
map2_qipai_3	map2Atlas3	.png	0
map2_qipai_4	map2Atlas3	.png	0
map2_youxiji_1	map2Atlas3	.png	0
map2_youxiji_2	map2Atlas3	.png	0
map2_youxiji_3_1	map2Atlas3	.png	0
map2_youxiji_3_2	map2Atlas3	.png	0
map2_youxiji_3_3	map2Atlas3	.png	0
map2_KTV_1	map2Atlas4	.png	0
map2_KTV_2	map2Atlas4	.png	0
map2_KTV_3	map2Atlas4	.png	0
map2_KTV_4	map2Atlas4	.png	0
map2_KTV_5	map2Atlas4	.png	0
map2_KTV_6	map2Atlas4	.png	0
map2_KTV_7	map2Atlas4	.png	0
map2_KTV_dan_1	map2Atlas4	.png	0
map2_KTV_dan_2	map2Atlas4	.png	0
map2_KTV_dan_3	map2Atlas4	.png	0
map2_men_8_1	map2Atlas4	.png	0
map2_men_8_2	map2Atlas4	.png	0
map2_men_8_3	map2Atlas4	.png	0
map2_men_8_4	map2Atlas4	.png	0
map2_shugui_1	map2Atlas4	.png	0
map2_shugui_2	map2Atlas4	.png	0
map2_shugui_3	map2Atlas4	.png	0
map3_cuozaotai	map3Atlas1	.png	0
map3_cuozaotai_nv	map3Atlas1	.png	0
map3_guitai	map3Atlas1	.png	0
map3_guitai_1	map3Atlas1	.png	0
map3_men_1_1	map3Atlas1	.png	0
map3_men_1_2	map3Atlas1	.png	0
map3_menkou_1	map3Atlas1	.png	0
map3_menkou_3	map3Atlas1	.png	0
map3_qiang	map3Atlas1	.png	0
map3_qiang_1	map3Atlas1	.png	0
map3_sangna	map3Atlas1	.png	0
map3_sangna_nv	map3Atlas1	.png	0
map3_sangnamen_1	map3Atlas1	.png	0
map3_sangnamen_1_nv	map3Atlas1	.png	0
map3_sangnamen_2	map3Atlas1	.png	0
map3_sangnamen_2_nv	map3Atlas1	.png	0
map3_shuxitai	map3Atlas1	.png	0
map3_shuxitai_dengzi	map3Atlas1	.png	0
map3_xilianpen	map3Atlas1	.png	0
map3_xiyu	map3Atlas1	.png	0
map3_xiyu_geban_1	map3Atlas1	.png	0
map3_xiyu_geban_2	map3Atlas1	.png	0
map3_xiyu_nv	map3Atlas1	.png	0
map3_yuangongmen	map3Atlas1	.png	0
map3_yuangongmen_1	map3Atlas1	.png	0
map3_yuchi	map3Atlas1	.png	0
map3_yuchi_1	map3Atlas1	.png	0
map3_yuchi_nv	map3Atlas1	.png	0
map3_yuchi_nv_1	map3Atlas1	.png	0
map3_men_2_1	map3Atlas1_2	.png	0
map3_men_2_2	map3Atlas1_2	.png	0
map3_men_3_1	map3Atlas1_2	.png	0
map3_men_3_2	map3Atlas1_2	.png	0
map3_men_4_1	map3Atlas1_2	.png	0
map3_men_4_2	map3Atlas1_2	.png	0
map3_men_5_1	map3Atlas1_2	.png	0
map3_men_5_2	map3Atlas1_2	.png	0
map3_men_5_3	map3Atlas1_2	.png	0
map3_men_5_4	map3Atlas1_2	.png	0
map3_dianshan	map3Atlas100	.png	0
map3_huaping_1	map3Atlas100	.png	0
map3_lideng_1	map3Atlas100	.png	0
map3_penzai_1	map3Atlas100	.png	0
map3_penzai_2	map3Atlas100	.png	0
map3_penzai_3	map3Atlas100	.png	0
map3_shizhong	map3Atlas100	.png	0
map3_shuitong_1	map3Atlas100	.png	0
map3_shuitong_2	map3Atlas100	.png	0
map3_yinshuiji	map3Atlas100	.png	0
map3_anmo	map3Atlas2	.png	0
map3_canting_1	map3Atlas2	.png	0
map3_canting_3	map3Atlas2	.png	0
map3_canting_4	map3Atlas2	.png	0
map3_gengyigui	map3Atlas2	.png	0
map3_gengyigui_1	map3Atlas2	.png	0
map3_guanggaoban	map3Atlas2	.png	0
map3_guanggaoban_1	map3Atlas2	.png	0
map3_guanggaoban_2	map3Atlas2	.png	0
map3_guanggaoban_3	map3Atlas2	.png	0
map3_men_6_1	map3Atlas2	.png	0
map3_men_6_2	map3Atlas2	.png	0
map3_men_6_3	map3Atlas2	.png	0
map3_men_6_4	map3Atlas2	.png	0
map3_shuiba_1	map3Atlas2	.png	0
map3_shuiba_2	map3Atlas2	.png	0
map3_shuiba_3	map3Atlas2	.png	0
map3_shuiba_4	map3Atlas2	.png	0
map3_zuliao_1	map3Atlas2	.png	0
map3_zuliao_2	map3Atlas2	.png	0
map3_guanggaoban_4	map3Atlas3	.png	0
map3_guanggaoban_5	map3Atlas3	.png	0
map3_guanggaoban_6	map3Atlas3	.png	0
map3_guanggaoban_7	map3Atlas3	.png	0
map3_haibao_1	map3Atlas3	.png	0
map3_haibao_2	map3Atlas3	.png	0
map3_jinzhixiyan	map3Atlas3	.png	0
map3_men_7_1	map3Atlas3	.png	0
map3_men_7_2	map3Atlas3	.png	0
map3_men_7_3	map3Atlas3	.png	0
map3_men_7_4	map3Atlas3	.png	0
map3_qipai_1	map3Atlas3	.png	0
map3_qipai_2	map3Atlas3	.png	0
map3_qipai_3	map3Atlas3	.png	0
map3_qipai_4	map3Atlas3	.png	0
map3_youxiji_1	map3Atlas3	.png	0
map3_youxiji_2	map3Atlas3	.png	0
map3_youxiji_3_1	map3Atlas3	.png	0
map3_youxiji_3_2	map3Atlas3	.png	0
map3_youxiji_3_3	map3Atlas3	.png	0
map3_KTV_1	map3Atlas4	.png	0
map3_KTV_2	map3Atlas4	.png	0
map3_KTV_3	map3Atlas4	.png	0
map3_KTV_4	map3Atlas4	.png	0
map3_KTV_5	map3Atlas4	.png	0
map3_KTV_6	map3Atlas4	.png	0
map3_KTV_7	map3Atlas4	.png	0
map3_KTV_dan_1	map3Atlas4	.png	0
map3_KTV_dan_2	map3Atlas4	.png	0
map3_KTV_dan_3	map3Atlas4	.png	0
map3_men_8_1	map3Atlas4	.png	0
map3_men_8_2	map3Atlas4	.png	0
map3_men_8_3	map3Atlas4	.png	0
map3_men_8_4	map3Atlas4	.png	0
map3_shugui_1	map3Atlas4	.png	0
map3_shugui_2	map3Atlas4	.png	0
map3_shugui_3	map3Atlas4	.png	0
map4_cuozaotai	map4Atlas1	.png	0
map4_cuozaotai_nv	map4Atlas1	.png	0
map4_deng	map4Atlas1	.png	0
map4_guitai	map4Atlas1	.png	0
map4_guitai_1	map4Atlas1	.png	0
map4_men_1_1	map4Atlas1	.png	0
map4_men_1_2	map4Atlas1	.png	0
map4_menkou_1	map4Atlas1	.png	0
map4_menkou_3	map4Atlas1	.png	0
map4_qiang	map4Atlas1	.png	0
map4_qiangfeng	map4Atlas1	.png	0
map4_sangna	map4Atlas1	.png	0
map4_sangna_nv	map4Atlas1	.png	0
map4_sangnamen_1	map4Atlas1	.png	0
map4_sangnamen_1_nv	map4Atlas1	.png	0
map4_sangnamen_2	map4Atlas1	.png	0
map4_sangnamen_2_nv	map4Atlas1	.png	0
map4_shuxitai	map4Atlas1	.png	0
map4_shuxitai_dengzi	map4Atlas1	.png	0
map4_xilianpen	map4Atlas1	.png	0
map4_xiyu	map4Atlas1	.png	0
map4_xiyu_geban_1	map4Atlas1	.png	0
map4_xiyu_nv	map4Atlas1	.png	0
map4_yuangongmen	map4Atlas1	.png	0
map4_yuangongmen_1	map4Atlas1	.png	0
map4_yuchi	map4Atlas1	.png	0
map4_yuchi_2	map4Atlas1	.png	0
map4_yuchi_nv	map4Atlas1	.png	0
map4_yuchi_nv_1	map4Atlas1	.png	0
map4_men_2_1	map4Atlas1_2	.png	0
map4_men_2_2	map4Atlas1_2	.png	0
map4_men_3_1	map4Atlas1_2	.png	0
map4_men_3_2	map4Atlas1_2	.png	0
map4_men_4_1	map4Atlas1_2	.png	0
map4_men_4_2	map4Atlas1_2	.png	0
map4_men_5_1	map4Atlas1_2	.png	0
map4_men_5_2	map4Atlas1_2	.png	0
map4_men_5_3	map4Atlas1_2	.png	0
map4_men_5_4	map4Atlas1_2	.png	0
map4_dianshan	map4Atlas100	.png	0
map4_huaping_1	map4Atlas100	.png	0
map4_lideng_1	map4Atlas100	.png	0
map4_penzai_1	map4Atlas100	.png	0
map4_penzai_2	map4Atlas100	.png	0
map4_penzai_3	map4Atlas100	.png	0
map4_shanglou_you	map4Atlas100	.png	0
map4_shanglou_zuo	map4Atlas100	.png	0
map4_shizhong	map4Atlas100	.png	0
map4_shuitong_2	map4Atlas100	.png	0
map4_yinshuiji	map4Atlas100	.png	0
map4_anmo	map4Atlas2	.png	0
map4_canting_1	map4Atlas2	.png	0
map4_canting_3	map4Atlas2	.png	0
map4_canting_4	map4Atlas2	.png	0
map4_gengyigui	map4Atlas2	.png	0
map4_gengyigui_1	map4Atlas2	.png	0
map4_guanggaoban	map4Atlas2	.png	0
map4_guanggaoban_1	map4Atlas2	.png	0
map4_guanggaoban_2	map4Atlas2	.png	0
map4_guanggaoban_3	map4Atlas2	.png	0
map4_men_6_1	map4Atlas2	.png	0
map4_men_6_2	map4Atlas2	.png	0
map4_men_6_3	map4Atlas2	.png	0
map4_men_6_4	map4Atlas2	.png	0
map4_shuiba_1	map4Atlas2	.png	0
map4_shuiba_2	map4Atlas2	.png	0
map4_shuiba_3	map4Atlas2	.png	0
map4_shuiba_4	map4Atlas2	.png	0
map4_zuliao_1	map4Atlas2	.png	0
map4_zuliao_2	map4Atlas2	.png	0
map4_guanggaoban_4	map4Atlas3	.png	0
map4_guanggaoban_5	map4Atlas3	.png	0
map4_guanggaoban_6	map4Atlas3	.png	0
map4_guanggaoban_7	map4Atlas3	.png	0
map4_haibao_1	map4Atlas3	.png	0
map4_haibao_2	map4Atlas3	.png	0
map4_jinzhixiyan	map4Atlas3	.png	0
map4_men_7_1	map4Atlas3	.png	0
map4_men_7_2	map4Atlas3	.png	0
map4_men_7_3	map4Atlas3	.png	0
map4_men_7_4	map4Atlas3	.png	0
map4_qipai_1	map4Atlas3	.png	0
map4_qipai_2	map4Atlas3	.png	0
map4_qipai_3	map4Atlas3	.png	0
map4_qipai_4	map4Atlas3	.png	0
map4_youxiji_1	map4Atlas3	.png	0
map4_youxiji_2	map4Atlas3	.png	0
map4_youxiji_3_1	map4Atlas3	.png	0
map4_youxiji_3_2	map4Atlas3	.png	0
map4_youxiji_3_3	map4Atlas3	.png	0
map4_KTV_1	map4Atlas4	.png	0
map4_KTV_2	map4Atlas4	.png	0
map4_KTV_3	map4Atlas4	.png	0
map4_KTV_4	map4Atlas4	.png	0
map4_KTV_5	map4Atlas4	.png	0
map4_KTV_6	map4Atlas4	.png	0
map4_KTV_7	map4Atlas4	.png	0
map4_KTV_dan_1	map4Atlas4	.png	0
map4_KTV_dan_2	map4Atlas4	.png	0
map4_KTV_dan_3	map4Atlas4	.png	0
map4_men_8_1	map4Atlas4	.png	0
map4_men_8_2	map4Atlas4	.png	0
map4_men_8_3	map4Atlas4	.png	0
map4_men_8_4	map4Atlas4	.png	0
map4_shugui_1	map4Atlas4	.png	0
map4_shugui_2	map4Atlas4	.png	0
map4_shugui_3	map4Atlas4	.png	0
map_xizaozhezhao	mapAtlas_common	.png	0
map_zawu_1	mapAtlas_common	.png	0
map_zawu_2	mapAtlas_common	.png	0
map_zawu_3	mapAtlas_common	.png	0
map_zawu_4	mapAtlas_common	.png	0
map_zawu_5	mapAtlas_common	.png	0
map_zawu_6	mapAtlas_common	.png	0
map_zawu_7	mapAtlas_common	.png	0
map_zawu_zhezhao	mapAtlas_common	.png	0
map_zhizhiwang_1	mapAtlas_common	.png	0
map_zhizhiwang_2	mapAtlas_common	.png	0
map_zhizhiwang_3	mapAtlas_common	.png	0
map1_shanglou_you	mapAtlas_common	.png	0
map1_shanglou_zuo	mapAtlas_common	.png	0
xiaofei_btn	mapAtlas_common	.png	0
xiaofei_di	mapAtlas_common	.png	0
zhezhao	mapAtlas_common	.png	0
zjm_dasaokuang1	mapAtlas_common	.png	0
zjm_dasaokuang2	mapAtlas_common	.png	0
zjm_dasaokuang3	mapAtlas_common	.png	0
zjm_dasaokuang4	mapAtlas_common	.png	0
zjm_dasaokuang5	mapAtlas_common	.png	0
map_cuozaotai	mapAtlas1	.png	0
map_cuozaotai_nv	mapAtlas1	.png	0
map_deng	mapAtlas1	.png	0
map_deng1	mapAtlas1	.png	0
map_guitai	mapAtlas1	.png	0
map_guitai_1	mapAtlas1	.png	0
map_men_1_1	mapAtlas1	.png	0
map_men_1_2	mapAtlas1	.png	0
map_menkou_1	mapAtlas1	.png	0
map_menkou_2	mapAtlas1	.png	0
map_menkou_3	mapAtlas1	.png	0
map_qiang	mapAtlas1	.png	0
map_sangna	mapAtlas1	.png	0
map_sangna_1	mapAtlas1	.png	0
map_sangna_nv	mapAtlas1	.png	0
map_sangnamen_1	mapAtlas1	.png	0
map_sangnamen_1_nv	mapAtlas1	.png	0
map_sangnamen_2	mapAtlas1	.png	0
map_sangnamen_2_nv	mapAtlas1	.png	0
map_shuxitai	mapAtlas1	.png	0
map_shuxitai_dengzi	mapAtlas1	.png	0
map_xilianpen	mapAtlas1	.png	0
map_xiyu	mapAtlas1	.png	0
map_xiyu_nv	mapAtlas1	.png	0
map_yuangongmen	mapAtlas1	.png	0
map_yuangongmen_1	mapAtlas1	.png	0
map_yuchi	mapAtlas1	.png	0
map_yuchi_1	mapAtlas1	.png	0
map_yuchi_2	mapAtlas1	.png	0
map_yuchi_nv	mapAtlas1	.png	0
map_yuchi_nv_1	mapAtlas1	.png	0
map_men_2_1	mapAtlas1_2	.png	0
map_men_2_2	mapAtlas1_2	.png	0
map_men_3_1	mapAtlas1_2	.png	0
map_men_3_2	mapAtlas1_2	.png	0
map_men_4_1	mapAtlas1_2	.png	0
map_men_4_2	mapAtlas1_2	.png	0
map_men_5_1	mapAtlas1_2	.png	0
map_men_5_2	mapAtlas1_2	.png	0
map_men_5_3	mapAtlas1_2	.png	0
map_men_5_4	mapAtlas1_2	.png	0
map_dianshan	mapAtlas100	.png	0
map_lideng_1	mapAtlas100	.png	0
map_liefeng_1	mapAtlas100	.png	0
map_liefeng_2	mapAtlas100	.png	0
map_liefeng_3	mapAtlas100	.png	0
map_penzai_1	mapAtlas100	.png	0
map_penzai_2	mapAtlas100	.png	0
map_penzai_3	mapAtlas100	.png	0
map_shizhong	mapAtlas100	.png	0
map_shuitong_1	mapAtlas100	.png	0
map_shuitong_2	mapAtlas100	.png	0
map_yinshuiji	mapAtlas100	.png	0
map_anmo	mapAtlas2	.png	0
map_canting_1	mapAtlas2	.png	0
map_canting_2	mapAtlas2	.png	0
map_canting_3	mapAtlas2	.png	0
map_canting_4	mapAtlas2	.png	0
map_gengyigui	mapAtlas2	.png	0
map_gengyigui_1	mapAtlas2	.png	0
map_guanggaoban	mapAtlas2	.png	0
map_guanggaoban_1	mapAtlas2	.png	0
map_guanggaoban_2	mapAtlas2	.png	0
map_guanggaoban_3	mapAtlas2	.png	0
map_men_6_1	mapAtlas2	.png	0
map_men_6_2	mapAtlas2	.png	0
map_men_6_3	mapAtlas2	.png	0
map_men_6_4	mapAtlas2	.png	0
map_shuiba_1	mapAtlas2	.png	0
map_shuiba_2	mapAtlas2	.png	0
map_shuiba_3	mapAtlas2	.png	0
map_shuiba_4	mapAtlas2	.png	0
map_zuliao_1	mapAtlas2	.png	0
map_zuliao_2	mapAtlas2	.png	0
map_guanggaoban_4	mapAtlas3	.png	0
map_guanggaoban_5	mapAtlas3	.png	0
map_guanggaoban_6	mapAtlas3	.png	0
map_guanggaoban_7	mapAtlas3	.png	0
map_haibao_1	mapAtlas3	.png	0
map_haibao_2	mapAtlas3	.png	0
map_jinzhixiyan	mapAtlas3	.png	0
map_men_7_1	mapAtlas3	.png	0
map_men_7_2	mapAtlas3	.png	0
map_men_7_3	mapAtlas3	.png	0
map_men_7_4	mapAtlas3	.png	0
map_qipai_1	mapAtlas3	.png	0
map_qipai_2	mapAtlas3	.png	0
map_qipai_3	mapAtlas3	.png	0
map_qipai_4	mapAtlas3	.png	0
map_youxiji_1	mapAtlas3	.png	0
map_youxiji_2	mapAtlas3	.png	0
map_youxiji_3_1	mapAtlas3	.png	0
map_youxiji_3_2	mapAtlas3	.png	0
map_youxiji_3_3	mapAtlas3	.png	0
map_KTV_1	mapAtlas4	.png	0
map_KTV_2	mapAtlas4	.png	0
map_KTV_3	mapAtlas4	.png	0
map_KTV_4	mapAtlas4	.png	0
map_KTV_5	mapAtlas4	.png	0
map_KTV_6	mapAtlas4	.png	0
map_KTV_7	mapAtlas4	.png	0
map_KTV_dan_1	mapAtlas4	.png	0
map_KTV_dan_2	mapAtlas4	.png	0
map_KTV_dan_3	mapAtlas4	.png	0
map_KTV_dan_4	mapAtlas4	.png	0
map_men_8_1	mapAtlas4	.png	0
map_men_8_2	mapAtlas4	.png	0
map_men_8_3	mapAtlas4	.png	0
map_men_8_4	mapAtlas4	.png	0
map_shugui_1	mapAtlas4	.png	0
map_shugui_2	mapAtlas4	.png	0
map_shugui_3	mapAtlas4	.png	0
changjing_caishen_1	mapCaishen	.png	0
changjing_caishen_2	mapCaishen	.png	0
changjing_caishen_3	mapCaishen	.png	0
changjing_caishen_4	mapCaishen	.png	0
zjm_chengjiutishi	mapCaishen	.png	0
npc_liwu	NpcAd	.png	0
npc_liwudi	NpcAd	.png	0
lixian_paihang1	OfflineIncome	.png	0
lixian_paihang2	OfflineIncome	.png	0
lixian_paihang3	OfflineIncome	.png	0
tanchuang_xin	OfflineIncome	.png	0
gou	RandomAd	.png	0
icon_suiji_bg	RandomAd	.png	0
icon_suiji_bg1	RandomAd	.png	0
icon_suiji_bg2	RandomAd	.png	0
icon_suiji_kuanghuan	RandomAd	.png	0
icon_suiji_qian	RandomAd	.png	0
icon_suiji_tuangou	RandomAd	.png	0
kuanghuan_1	RandomAd	.png	0
kuanghuan_2	RandomAd	.png	0
kuanghuan_3	RandomAd	.png	0
kuanghuan_4	RandomAd	.png	0
kuanghuan_5	RandomAd	.png	0
kuanghuan_6	RandomAd	.png	0
kuanghuan_7	RandomAd	.png	0
maozi_you	RandomAd	.png	0
maozi_zuo	RandomAd	.png	0
pao1	RandomAd	.png	0
pao2	RandomAd	.png	0
pao3	RandomAd	.png	0
qian1	RandomAd	.png	0
qian2	RandomAd	.png	0
qian3	RandomAd	.png	0
ren1	RandomAd	.png	0
ren2	RandomAd	.png	0
shenzi	RandomAd	.png	0
tou	RandomAd	.png	0
tuan	RandomAd	.png	0
yougebo	RandomAd	.png	0
zuogebo	RandomAd	.png	0
dengji_di	RewardUI	.png	0
djts_tili	RewardUI	.png	0
djts_zuan	RewardUI	.png	0
gxhd_bg	RewardUI	.png	0
gxhd_biaoqian01	RewardUI	.png	0
gxhd_biaoqian02	RewardUI	.png	0
gxhd_jinbi	RewardUI	.png	0
gxhd_shouyi	RewardUI	.png	0
huode_wupindi	RewardUI	.png	0
shopback_1_lvup	RewardUI	.png	0
shopback_2_lvup	RewardUI	.png	0
shopback_3_lvup	RewardUI	.png	0
shopback_4_lvup	RewardUI	.png	0
shopback_5_lvup	RewardUI	.png	0
shopback_6_lvup	RewardUI	.png	0
whtd_icon_renqibig	RewardUI	.png	0
com_pic__zhuanpan	Roulette	.png	0
com_pic__zhuanpanban	Roulette	.png	0
com_pic__zhuanpandeng	Roulette	.png	0
com_pic__zhuanpanzhizhen	Roulette	.png	0
com_pic__zhuanpanzuanshi	Roulette	.png	0
zp_btn_choujiang	Roulette	.png	0
zp_btn_guanbi	Roulette	.png	0
zp_pic_baozhadi	Roulette	.png	0
zp_pic_caidai	Roulette	.png	0
zp_pic_deng	Roulette	.png	0
zp_pic_dizuo	Roulette	.png	0
zp_pic_jiantou	Roulette	.png	0
zp_pic_qiu01	Roulette	.png	0
zp_pic_qiu02	Roulette	.png	0
zp_pic_qiu03	Roulette	.png	0
zp_pic_xingxing	Roulette	.png	0
zp_pic_zhuanpan	Roulette	.png	0
zp_txt_xingyunzhuanpan	Roulette	.png	0
dianpu_di	Shop	.png	0
dianpu_di2	Shop	.png	0
dianpu_ding	Shop	.png	0
dianpu_gongzuozhong	Shop	.png	0
dianpu_huojia_jiagedi	Shop	.png	0
dianpu_huojia_jiagedi2	Shop	.png	0
dianpu_huojia_shanghuo	Shop	.png	0
dianpu_huojiadi	Shop	.png	0
dianpu_huojiadi2	Shop	.png	0
dianpu_icon_nanlinyu	Shop	.png	0
dianpu_jia	Shop	.png	0
dianpu_jindu	Shop	.png	0
dianpu_jindu2	Shop	.png	0
dianpu_keren_di1	Shop	.png	0
dianpu_keren_di2	Shop	.png	0
dianpu_keren_di3	Shop	.png	0
dianpu_keren_di4	Shop	.png	0
dianpu_keren_jia1	Shop	.png	0
dianpu_keren_jia2	Shop	.png	0
dianpu_qingshao	Shop	.png	0
dianpu_shangchu	Shop	.png	0
dianpu_shanghuo	Shop	.png	0
dianpu_suo1	Shop	.png	0
dianpu_suo2	Shop	.png	0
dianpu_wupindi1	Shop	.png	0
dianpu_wupindi2	Shop	.png	0
dianpu_wupindi3	Shop	.png	0
dianpu_yuangong_di0	Shop	.png	0
dianpu_yuangong_di1	Shop	.png	0
dianpu_yuangong_di2	Shop	.png	0
dianpu_yuangong_di3	Shop	.png	0
dianpu_yuangong_di4	Shop	.png	0
dianpu_yuangong_di5	Shop	.png	0
dianpu_yuangong_di6	Shop	.png	0
icon_jianzao	Shop	.png	0
wupindi_nan1	Shop	.png	0
wupindi_nan2	Shop	.png	0
wupindi_nv1	Shop	.png	0
wupindi_nv2	Shop	.png	0
wupindi_xuankuang	Shop	.png	0
wupindi_yule1	Shop	.png	0
wupindi_yule2	Shop	.png	0
zhuangxiu_zuo	Shop	.png	0
jineng_pic_caidai	ShopActiveSkill	.png	0
jineng_pic_di	ShopActiveSkill	.png	0
jineng_pic_laba	ShopActiveSkill	.png	0
jineng_pic_labasheng	ShopActiveSkill	.png	0
jineng_pic_lihua	ShopActiveSkill	.png	0
jineng_pic_tuhao	ShopActiveSkill	.png	0
jineng_txt_nianzhongdacu	ShopActiveSkill	.png	0
jineng_txt_tuhaosaqian	ShopActiveSkill	.png	0
skin_canting1	ShopDecorateIcon	.png	0
skin_canting11	ShopDecorateIcon	.png	0
skin_canting2	ShopDecorateIcon	.png	0
skin_canting3	ShopDecorateIcon	.png	0
skin_canting4	ShopDecorateIcon	.png	0
skin_KTV1	ShopDecorateIcon	.png	0
skin_KTV11	ShopDecorateIcon	.png	0
skin_KTV2	ShopDecorateIcon	.png	0
skin_KTV3	ShopDecorateIcon	.png	0
skin_KTV4	ShopDecorateIcon	.png	0
skin_menmian1	ShopDecorateIcon	.png	0
skin_menmian11	ShopDecorateIcon	.png	0
skin_menmian2	ShopDecorateIcon	.png	0
skin_menmian3	ShopDecorateIcon	.png	0
skin_menmian4	ShopDecorateIcon	.png	0
skin_nananmoqu1	ShopDecorateIcon	.png	0
skin_nananmoqu11	ShopDecorateIcon	.png	0
skin_nananmoqu2	ShopDecorateIcon	.png	0
skin_nananmoqu3	ShopDecorateIcon	.png	0
skin_nananmoqu4	ShopDecorateIcon	.png	0
skin_nancuozaoqu1	ShopDecorateIcon	.png	0
skin_nancuozaoqu11	ShopDecorateIcon	.png	0
skin_nancuozaoqu2	ShopDecorateIcon	.png	0
skin_nancuozaoqu3	ShopDecorateIcon	.png	0
skin_nancuozaoqu4	ShopDecorateIcon	.png	0
skin_nanlinyu1	ShopDecorateIcon	.png	0
skin_nanlinyu11	ShopDecorateIcon	.png	0
skin_nanlinyu2	ShopDecorateIcon	.png	0
skin_nanlinyu3	ShopDecorateIcon	.png	0
skin_nanlinyu4	ShopDecorateIcon	.png	0
skin_nanpaozaoqu1	ShopDecorateIcon	.png	0
skin_nanpaozaoqu11	ShopDecorateIcon	.png	0
skin_nanpaozaoqu2	ShopDecorateIcon	.png	0
skin_nanpaozaoqu3	ShopDecorateIcon	.png	0
skin_nanpaozaoqu4	ShopDecorateIcon	.png	0
skin_nansangnaqu1	ShopDecorateIcon	.png	0
skin_nansangnaqu11	ShopDecorateIcon	.png	0
skin_nansangnaqu2	ShopDecorateIcon	.png	0
skin_nansangnaqu3	ShopDecorateIcon	.png	0
skin_nansangnaqu4	ShopDecorateIcon	.png	0
skin_nvcuozaoqu1	ShopDecorateIcon	.png	0
skin_nvcuozaoqu11	ShopDecorateIcon	.png	0
skin_nvcuozaoqu2	ShopDecorateIcon	.png	0
skin_nvcuozaoqu3	ShopDecorateIcon	.png	0
skin_nvcuozaoqu4	ShopDecorateIcon	.png	0
skin_nvlinyu1	ShopDecorateIcon	.png	0
skin_nvlinyu11	ShopDecorateIcon	.png	0
skin_nvlinyu2	ShopDecorateIcon	.png	0
skin_nvlinyu3	ShopDecorateIcon	.png	0
skin_nvlinyu4	ShopDecorateIcon	.png	0
skin_nvpaozaoqu1	ShopDecorateIcon	.png	0
skin_nvpaozaoqu11	ShopDecorateIcon	.png	0
skin_nvpaozaoqu2	ShopDecorateIcon	.png	0
skin_nvpaozaoqu3	ShopDecorateIcon	.png	0
skin_nvpaozaoqu4	ShopDecorateIcon	.png	0
skin_nvsangnaqu1	ShopDecorateIcon	.png	0
skin_nvsangnaqu11	ShopDecorateIcon	.png	0
skin_nvsangnaqu2	ShopDecorateIcon	.png	0
skin_nvsangnaqu3	ShopDecorateIcon	.png	0
skin_nvsangnaqu4	ShopDecorateIcon	.png	0
skin_qiantai1	ShopDecorateIcon	.png	0
skin_qiantai11	ShopDecorateIcon	.png	0
skin_qiantai2	ShopDecorateIcon	.png	0
skin_qiantai3	ShopDecorateIcon	.png	0
skin_qiantai4	ShopDecorateIcon	.png	0
skin_qipai1	ShopDecorateIcon	.png	0
skin_qipai11	ShopDecorateIcon	.png	0
skin_qipai2	ShopDecorateIcon	.png	0
skin_qipai3	ShopDecorateIcon	.png	0
skin_qipai4	ShopDecorateIcon	.png	0
skin_shudian1	ShopDecorateIcon	.png	0
skin_shudian11	ShopDecorateIcon	.png	0
skin_shudian2	ShopDecorateIcon	.png	0
skin_shudian3	ShopDecorateIcon	.png	0
skin_shudian4	ShopDecorateIcon	.png	0
skin_shuiba1	ShopDecorateIcon	.png	0
skin_shuiba11	ShopDecorateIcon	.png	0
skin_shuiba2	ShopDecorateIcon	.png	0
skin_shuiba3	ShopDecorateIcon	.png	0
skin_shuiba4	ShopDecorateIcon	.png	0
skin_xiuxiannangeng1	ShopDecorateIcon	.png	0
skin_xiuxiannangeng11	ShopDecorateIcon	.png	0
skin_xiuxiannangeng2	ShopDecorateIcon	.png	0
skin_xiuxiannangeng3	ShopDecorateIcon	.png	0
skin_xiuxiannangeng4	ShopDecorateIcon	.png	0
skin_xiuxiannvgeng1	ShopDecorateIcon	.png	0
skin_xiuxiannvgeng11	ShopDecorateIcon	.png	0
skin_xiuxiannvgeng2	ShopDecorateIcon	.png	0
skin_xiuxiannvgeng3	ShopDecorateIcon	.png	0
skin_xiuxiannvgeng4	ShopDecorateIcon	.png	0
skin_xiyunangeng1	ShopDecorateIcon	.png	0
skin_xiyunangeng11	ShopDecorateIcon	.png	0
skin_xiyunangeng2	ShopDecorateIcon	.png	0
skin_xiyunangeng3	ShopDecorateIcon	.png	0
skin_xiyunangeng4	ShopDecorateIcon	.png	0
skin_xiyunvgeng1	ShopDecorateIcon	.png	0
skin_xiyunvgeng11	ShopDecorateIcon	.png	0
skin_xiyunvgeng2	ShopDecorateIcon	.png	0
skin_xiyunvgeng3	ShopDecorateIcon	.png	0
skin_xiyunvgeng4	ShopDecorateIcon	.png	0
skin_youxi1	ShopDecorateIcon	.png	0
skin_youxi11	ShopDecorateIcon	.png	0
skin_youxi2	ShopDecorateIcon	.png	0
skin_youxi3	ShopDecorateIcon	.png	0
skin_youxi4	ShopDecorateIcon	.png	0
skin_zuliao1	ShopDecorateIcon	.png	0
skin_zuliao11	ShopDecorateIcon	.png	0
skin_zuliao2	ShopDecorateIcon	.png	0
skin_zuliao3	ShopDecorateIcon	.png	0
skin_zuliao4	ShopDecorateIcon	.png	0
dianpu_btn_zhuangxiu	ShopDecoration1	.png	0
zhuangxiu_huizhang1	ShopDecoration1	.png	0
zhuangxiu_huizhang2	ShopDecoration1	.png	0
zhuangxiu_huizhang3	ShopDecoration1	.png	0
zhuangxiu_icon	ShopDecoration1	.png	0
zhuangxiu_jiacheng_icon1	ShopDecoration1	.png	0
zhuangxiu_jiacheng_icon10	ShopDecoration1	.png	0
zhuangxiu_jiacheng_icon11	ShopDecoration1	.png	0
zhuangxiu_jiacheng_icon12	ShopDecoration1	.png	0
zhuangxiu_jiacheng_icon13	ShopDecoration1	.png	0
zhuangxiu_jiacheng_icon2	ShopDecoration1	.png	0
zhuangxiu_jiacheng_icon3	ShopDecoration1	.png	0
zhuangxiu_jiacheng_icon4	ShopDecoration1	.png	0
zhuangxiu_jiacheng_icon5	ShopDecoration1	.png	0
zhuangxiu_jiacheng_icon6	ShopDecoration1	.png	0
zhuangxiu_jiacheng_icon7	ShopDecoration1	.png	0
zhuangxiu_jiacheng_icon8	ShopDecoration1	.png	0
zhuangxiu_jiacheng_icon9	ShopDecoration1	.png	0
zhuangxiu_kuang_jiesuo	ShopDecoration1	.png	0
zhuangxiu_kuang_shiyong1	ShopDecoration1	.png	0
zhuangxiu_kuang_shiyong2	ShopDecoration1	.png	0
zhuangxiu_kuang_suo	ShopDecoration1	.png	0
zhuangxiu_suo	ShopDecoration1	.png	0
zhuangxiu_suo2	ShopDecoration1	.png	0
zhuangxiu_xiangqing_kuang1	ShopDecoration1	.png	0
zhuangxiu_xiangqing_kuang2	ShopDecoration1	.png	0
zhuangxiu_xiangqing_kuang3	ShopDecoration1	.png	0
shopback_1	ShopIcon	.png	0
shopback_2	ShopIcon	.png	0
shopback_3	ShopIcon	.png	0
shopback_4	ShopIcon	.png	0
shopback_6	ShopIcon	.png	0
shopback_7	ShopIcon	.png	0
shopicon_1	ShopIcon	.png	0
shopicon_10	ShopIcon	.png	0
shopicon_11	ShopIcon	.png	0
shopicon_12	ShopIcon	.png	0
shopicon_13	ShopIcon	.png	0
shopicon_14	ShopIcon	.png	0
shopicon_15	ShopIcon	.png	0
shopicon_16	ShopIcon	.png	0
shopicon_17	ShopIcon	.png	0
shopicon_18	ShopIcon	.png	0
shopicon_19	ShopIcon	.png	0
shopicon_2	ShopIcon	.png	0
shopicon_20	ShopIcon	.png	0
shopicon_21	ShopIcon	.png	0
shopicon_3	ShopIcon	.png	0
shopicon_4	ShopIcon	.png	0
shopicon_5	ShopIcon	.png	0
shopicon_6	ShopIcon	.png	0
shopicon_7	ShopIcon	.png	0
shopicon_8	ShopIcon	.png	0
shopicon_9	ShopIcon	.png	0
shopicon_absent_1	ShopIcon	.png	0
shopicon_absent_2	ShopIcon	.png	0
shopicon_absent_3	ShopIcon	.png	0
shop_cuxiao_anmo	ShopSkill	.png	0
shop_cuxiao_babaxifashui	ShopSkill	.png	0
shop_cuxiao_bojicao	ShopSkill	.png	0
shop_cuxiao_changxiaoshu	ShopSkill	.png	0
shop_cuxiao_chonglang	ShopSkill	.png	0
shop_cuxiao_cuozao	ShopSkill	.png	0
shop_cuxiao_doudizhu	ShopSkill	.png	0
shop_cuxiao_gaijiaofan	ShopSkill	.png	0
shop_cuxiao_guanzhuangkuaileshui	ShopSkill	.png	0
shop_cuxiao_guanzhuangxuebi	ShopSkill	.png	0
shop_cuxiao_haifeisi	ShopSkill	.png	0
shop_cuxiao_huati	ShopSkill	.png	0
shop_cuxiao_kushuangguozhi	ShopSkill	.png	0
shop_cuxiao_liuxingquku	ShopSkill	.png	0
shop_cuxiao_paobu	ShopSkill	.png	0
shop_cuxiao_shendun	ShopSkill	.png	0
shop_cuxiao_tiaosheng	ShopSkill	.png	0
shop_cuxiao_wotui	ShopSkill	.png	0
shop_cuxiao_xiujiaozuyu	ShopSkill	.png	0
shop_cuxiao_youxiji	ShopSkill	.png	0
shop_cuxiao_youyong	ShopSkill	.png	0
shop_cuxiao_yujia	ShopSkill	.png	0
shop_cuxiao_zaotangmaojin	ShopSkill	.png	0
shop_skill_1	ShopSkill	.png	0
shop_skill_10	ShopSkill	.png	0
shop_skill_11	ShopSkill	.png	0
shop_skill_12	ShopSkill	.png	0
shop_skill_13	ShopSkill	.png	0
shop_skill_14	ShopSkill	.png	0
shop_skill_15	ShopSkill	.png	0
shop_skill_16	ShopSkill	.png	0
shop_skill_17	ShopSkill	.png	0
shop_skill_18	ShopSkill	.png	0
shop_skill_19	ShopSkill	.png	0
shop_skill_2	ShopSkill	.png	0
shop_skill_20	ShopSkill	.png	0
shop_skill_21	ShopSkill	.png	0
shop_skill_22	ShopSkill	.png	0
shop_skill_23	ShopSkill	.png	0
shop_skill_24	ShopSkill	.png	0
shop_skill_25	ShopSkill	.png	0
shop_skill_26	ShopSkill	.png	0
shop_skill_27	ShopSkill	.png	0
shop_skill_28	ShopSkill	.png	0
shop_skill_29	ShopSkill	.png	0
shop_skill_3	ShopSkill	.png	0
shop_skill_30	ShopSkill	.png	0
shop_skill_31	ShopSkill	.png	0
shop_skill_32	ShopSkill	.png	0
shop_skill_33	ShopSkill	.png	0
shop_skill_34	ShopSkill	.png	0
shop_skill_35	ShopSkill	.png	0
shop_skill_36	ShopSkill	.png	0
shop_skill_37	ShopSkill	.png	0
shop_skill_38	ShopSkill	.png	0
shop_skill_39	ShopSkill	.png	0
shop_skill_4	ShopSkill	.png	0
shop_skill_40	ShopSkill	.png	0
shop_skill_42	ShopSkill	.png	0
shop_skill_43	ShopSkill	.png	0
shop_skill_44	ShopSkill	.png	0
shop_skill_45	ShopSkill	.png	0
shop_skill_46	ShopSkill	.png	0
shop_skill_47	ShopSkill	.png	0
shop_skill_48	ShopSkill	.png	0
shop_skill_49	ShopSkill	.png	0
shop_skill_5	ShopSkill	.png	0
shop_skill_50	ShopSkill	.png	0
shop_skill_51	ShopSkill	.png	0
shop_skill_52	ShopSkill	.png	0
shop_skill_53	ShopSkill	.png	0
shop_skill_54	ShopSkill	.png	0
shop_skill_55	ShopSkill	.png	0
shop_skill_56	ShopSkill	.png	0
shop_skill_57	ShopSkill	.png	0
shop_skill_58	ShopSkill	.png	0
shop_skill_59	ShopSkill	.png	0
shop_skill_6	ShopSkill	.png	0
shop_skill_60	ShopSkill	.png	0
shop_skill_61	ShopSkill	.png	0
shop_skill_62	ShopSkill	.png	0
shop_skill_63	ShopSkill	.png	0
shop_skill_64	ShopSkill	.png	0
shop_skill_65	ShopSkill	.png	0
shop_skill_66	ShopSkill	.png	0
shop_skill_67	ShopSkill	.png	0
shop_skill_68	ShopSkill	.png	0
shop_skill_69	ShopSkill	.png	0
shop_skill_7	ShopSkill	.png	0
shop_skill_70	ShopSkill	.png	0
shop_skill_71	ShopSkill	.png	0
shop_skill_72	ShopSkill	.png	0
shop_skill_73	ShopSkill	.png	0
shop_skill_74	ShopSkill	.png	0
shop_skill_75	ShopSkill	.png	0
shop_skill_76	ShopSkill	.png	0
shop_skill_8	ShopSkill	.png	0
shop_skill_9	ShopSkill	.png	0
qiandao_icon_xiangqing	SignIn	.png	0
qiandao_pic_duigou	SignIn	.png	0
qiandao_pic_faguang	SignIn	.png	0
qiandao_pic_jianglidi	SignIn	.png	0
qiandao_pic_jindu	SignIn	.png	0
qiandao_pic_jindutiao	SignIn	.png	0
qiandao_pic_juese01	SignIn	.png	0
qiandao_pic_juese02	SignIn	.png	0
qiandao_pic_lansedikuang	SignIn	.png	0
qiandao_pic_yuandi	SignIn	.png	0
qiandao_pic_zhezhao	SignIn	.png	0
qiandao_pic_zisedikuang	SignIn	.png	0
qiandao_txt_denglu2tian	SignIn	.png	0
qiandao_txt_denglu7tian	SignIn	.png	0
qiandao_txt_ewailingqu	SignIn	.png	0
qiandao_txt_ewailingqu2	SignIn	.png	0
npc_daojishi_bg	SpecialNpc	.png	0
npc_shengqi1	SpecialNpc	.png	0
npc_shengqi2	SpecialNpc	.png	0
teshu_tu	SpecialNpc	.png	0
zjm_jindu_xiuli	SpecialNpc	.png	0
zjm_npc_jindu1	SpecialNpc	.png	0
zjm_npc_jindu2	SpecialNpc	.png	0
shop_bg	Store	.png	0
shop_btn_bg	Store	.png	0
shop_di	Store	.png	0
shop_ding	Store	.png	0
shop_libao_bg0	Store	.png	0
shop_libao_bg1	Store	.png	0
shop_libao_bg2	Store	.png	0
shop_libao_bg3	Store	.png	0
shop_libao_biaoti	Store	.png	0
shop_libaobiaoti_bg1	Store	.png	0
shop_libaobiaoti_bg2	Store	.png	0
shop_libaobiaoti_bg3	Store	.png	0
shop_mianfei	Store	.png	0
shop_tips	Store	.png	0
shop_tips2	Store	.png	0
shop_wenhao	Store	.png	0
shop_wupindi	Store	.png	0
shop_xianshi	Store	.png	0
sjop_denglong	Store	.png	0
juqing_biaotidi	Story	.png	0
juqing_duihuakuang1	Story	.png	0
juqing_duihuakuang2	Story	.png	0
juqing_jianglidi	Story	.png	0
tanchuang_di1	Story	.png	0
tanchuang_di2	Story	.png	0
touxiang_bingbing	Story	.png	0
touxiang_sicong	Story	.png	0
touxiangkuang1	Story	.png	0
touxiangkuang2	Story	.png	0
renwu_baoxiang_bg	Task	.png	0
renwu_bg	Task	.png	0
renwu_bg2	Task	.png	0
renwu_bianqian	Task	.png	0
renwu_biaoti	Task	.png	0
renwu_di	Task	.png	0
renwu_dian1	Task	.png	0
renwu_dian2	Task	.png	0
renwu_dian3	Task	.png	0
renwu_dian4	Task	.png	0
renwu_dian5	Task	.png	0
renwu_dingbu	Task	.png	0
renwu_ewaipeisong	Task	.png	0
renwu_fengexian	Task	.png	0
renwu_jiasu	Task	.png	0
renwu_lijidaohuo	Task	.png	0
renwu_peisong1	Task	.png	0
renwu_peisong2	Task	.png	0
renwu_peisong3	Task	.png	0
renwu_qipao	Task	.png	0
renwu_qipao_jindu	Task	.png	0
renwu_time	Task	.png	0
renwu_time_di	Task	.png	0
tiaozhan_bg	Task	.png	0
tiaozhan_zuijia	Task	.png	0
whtd_btn_dashang	VipGame	.png	0
whtd_btn_guanbi	VipGame	.png	0
whtd_btn_jiantou	VipGame	.png	0
whtd_icon	VipGame	.png	0
whtd_icon_lingdang	VipGame	.png	0
whtd_icon_renqi	VipGame	.png	0
whtd_icon_tongdian1x1_01	VipGame	.png	0
whtd_icon_tongdian1x2_01	VipGame	.png	0
whtd_icon_tongdian2x2_01	VipGame	.png	0
whtd_pic_ban	VipGame	.png	0
whtd_pic_banshen	VipGame	.png	0
whtd_pic_di	VipGame	.png	0
whtd_pic_dikuang	VipGame	.png	0
whtd_pic_huojian	VipGame	.png	0
whtd_pic_jiantou	VipGame	.png	0
whtd_pic_jindu	VipGame	.png	0
whtd_pic_jishi	VipGame	.png	0
whtd_pic_manyidu	VipGame	.png	0
whtd_pic_mingzikuang	VipGame	.png	0
whtd_pic_quan	VipGame	.png	0
whtd_pic_touxiang	VipGame	.png	0
whtd_pic_touxiang1	VipGame	.png	0
whtd_pic_weijiesuotouxiang	VipGame	.png	0
whtd_pic_wenhao	VipGame	.png	0
whtd_pic_xin	VipGame	.png	0
whtd_pic_xingxing	VipGame	.png	0
whtd_pic_xuan01	VipGame	.png	0
whtd_pic_xuan02	VipGame	.png	0
whtd_pic_xuan03	VipGame	.png	0
whtd_pic_xuanzhongkuang	VipGame	.png	0
whtd_pic_yinying	VipGame	.png	0
whtd_pic_zhezhao	VipGame	.png	0
whtd_tips	VipGame	.png	0
whtd_tongdian2x2_01	VipGame	.png	0
whtd_tongdian2x2_02	VipGame	.png	0
whtd_txt_dianji	VipGame	.png	0
whtd_txt_manyidutisheng	VipGame	.png	0
whtd_icon_guanbi	VipGame2	.png	0
whtd_icon_zan	VipGame2	.png	0
whtd_pic_dadikuang	VipGame2	.png	0
whtd_pic_heiquan	VipGame2	.png	0
whtd_pic_wanghong01	VipGame2	.png	0
whtd_pic_wanghong02	VipGame2	.png	0
whtd_pic_wanghong03	VipGame2	.png	0
whtd_pic_weijiesuojuese	VipGame2	.png	0
whtd_pic_weijiesuojuese02	VipGame2	.png	0
whtd_pic_weijiesuojuese03	VipGame2	.png	0
whtd_pic_yuan	VipGame2	.png	0
whtd_txt_dianjizhiliao	VipGame2	.png	0
whtd_txt_fuwushibai	VipGame2	.png	0
whtd_txt_fuwuwancheng	VipGame2	.png	0
whtd_txt_jinkeneng	VipGame2	.png	0
whtd_txt_wanmeifuwu	VipGame2	.png	0
whtd_pic_bei	VipGameBg1	.png	0
whtd_pic_tui01	VipGameBg1	.png	0
whtd_pic_beizi	VipGameBg2	.png	0
whtd_pic_bj	VipGameBg2	.png	0
whtd_pic_jiao	VipGameBg2	.png	0
whtd_pic_2bei	VipGameBg3	.jpg	0
whtd_pic_2tui01	VipGameBg3	.jpg	0
whtd_pic_2jiao	VipGameBg4	.png	0
whtd_pic_3jiao	VipGameBg4	.png	0
whtd_pic_3bei	VipGameBg5	.jpg	0
whtd_pic_3tui01	VipGameBg5	.jpg	0
